COMID,CAT_TMAX7100,ACC_TMAX7100,TOT_TMAX7100,CAT_TMIN7100,ACC_TMIN7100,TOT_TMIN7100,CAT_PPT7100_ANN,ACC_PPT7100_ANN,TOT_PPT7100_ANN,CAT_TAV7100_ANN,ACC_TAV7100_ANN,TOT_TAV7100_ANN,CAT_MAXWD6190,ACC_MAXWD6190,TOT_MAXWD6190,CAT_MAXP6190,ACC_MAXP6190,TOT_MAXP6190,CAT_MINWD6190,ACC_MINWD6190,TOT_MINWD6190,CAT_MINP6190,ACC_MINP6190,TOT_MINP6190,CAT_CWD,ACC_CWD,TOT_CWD,CAT_PRSNOW,ACC_PRSNOW,TOT_PRSNOW,CAT_AET,ACC_AET,TOT_AET,CAT_LSTFZ6190,ACC_LSTFZ6190,TOT_LSTFZ6190,CAT_FSTFZ6190,ACC_FSTFZ6190,TOT_FSTFZ6190,CAT_WDANN,ACC_WDANN,TOT_WDANN,ACC_WDJAN,ACC_WDFEB,ACC_WDMAR,ACC_WDAPR,ACC_WDMAY,ACC_WDJUN,ACC_WDJUL,ACC_WDAUG,ACC_WDSEP,ACC_WDOCT,ACC_WDNOV,ACC_WDDEC,CAT_WDJAN,CAT_WDFEB,CAT_WDMAR,CAT_WDAPR,CAT_WDMAY,CAT_WDJUN,CAT_WDJUL,CAT_WDAUG,CAT_WDSEP,CAT_WDOCT,CAT_WDNOV,CAT_WDDEC,TOT_WDJAN,TOT_WDFEB,TOT_WDMAR,TOT_WDAPR,TOT_WDMAY,TOT_WDJUN,TOT_WDJUL,TOT_WDAUG,TOT_WDSEP,TOT_WDOCT,TOT_WDNOV,TOT_WDDEC,CAT_RH,ACC_RH,TOT_RH,CAT_PET,ACC_PET,TOT_PET,ACC_PPT_JAN_2016,ACC_PPT_FEB_2016,ACC_PPT_MAR_2016,ACC_PPT_APR_2016,ACC_PPT_MAY_2016,ACC_PPT_JUN_2016,ACC_PPT_JUL_2016,ACC_PPT_AUG_2016,ACC_PPT_SEP_2016,ACC_PPT_OCT_2016,ACC_PPT_NOV_2016,ACC_PPT_DEC_2016,...1.y,ACC_PPT_JAN_2017,ACC_PPT_FEB_2017,ACC_PPT_MAR_2017,ACC_PPT_APR_2017,ACC_PPT_MAY_2017,ACC_PPT_JUN_2017,ACC_PPT_JUL_2017,ACC_PPT_AUG_2017,ACC_PPT_SEP_2017,ACC_PPT_OCT_2017,ACC_PPT_NOV_2017,ACC_PPT_DEC_2017,CAT_PPT_JAN_2016,CAT_PPT_FEB_2016,CAT_PPT_MAR_2016,CAT_PPT_APR_2016,CAT_PPT_MAY_2016,CAT_PPT_JUN_2016,CAT_PPT_JUL_2016,CAT_PPT_AUG_2016,CAT_PPT_SEP_2016,CAT_PPT_OCT_2016,CAT_PPT_NOV_2016,CAT_PPT_DEC_2016,...1.y.y,CAT_PPT_JAN_2017,CAT_PPT_FEB_2017,CAT_PPT_MAR_2017,CAT_PPT_APR_2017,CAT_PPT_MAY_2017,CAT_PPT_JUN_2017,CAT_PPT_JUL_2017,CAT_PPT_AUG_2017,CAT_PPT_SEP_2017,CAT_PPT_OCT_2017,CAT_PPT_NOV_2017,CAT_PPT_DEC_2017,TOT_PPT_JAN_2016,TOT_PPT_FEB_2016,TOT_PPT_MAR_2016,TOT_PPT_APR_2016,TOT_PPT_MAY_2016,TOT_PPT_JUN_2016,TOT_PPT_JUL_2016,TOT_PPT_AUG_2016,TOT_PPT_SEP_2016,TOT_PPT_OCT_2016,TOT_PPT_NOV_2016,TOT_PPT_DEC_2016,...1.y.y.y,TOT_PPT_JAN_2017,TOT_PPT_FEB_2017,TOT_PPT_MAR_2017,TOT_PPT_APR_2017,TOT_PPT_MAY_2017,TOT_PPT_JUN_2017,TOT_PPT_JUL_2017,TOT_PPT_AUG_2017,TOT_PPT_SEP_2017,TOT_PPT_OCT_2017,TOT_PPT_NOV_2017,TOT_PPT_DEC_2017,ACC_TAV_JAN_2016,ACC_TAV_FEB_2016,ACC_TAV_MAR_2016,ACC_TAV_APR_2016,ACC_TAV_MAY_2016,ACC_TAV_JUN_2016,ACC_TAV_JUL_2016,ACC_TAV_AUG_2016,ACC_TAV_SEP_2016,ACC_TAV_OCT_2016,ACC_TAV_NOV_2016,ACC_TAV_DEC_2016,ID.y,ACC_TAV_JAN_2017,ACC_TAV_FEB_2017,ACC_TAV_MAR_2017,ACC_TAV_APR_2017,ACC_TAV_MAY_2017,ACC_TAV_JUN_2017,ACC_TAV_JUL_2017,ACC_TAV_AUG_2017,ACC_TAV_SEP_2017,ACC_TAV_OCT_2017,ACC_TAV_NOV_2017,ACC_TAV_DEC_2017,CAT_TAV_JAN_2016,CAT_TAV_FEB_2016,CAT_TAV_MAR_2016,CAT_TAV_APR_2016,CAT_TAV_MAY_2016,CAT_TAV_JUN_2016,CAT_TAV_JUL_2016,CAT_TAV_AUG_2016,CAT_TAV_SEP_2016,CAT_TAV_OCT_2016,CAT_TAV_NOV_2016,CAT_TAV_DEC_2016,ID.y.y,CAT_TAV_JAN_2017,CAT_TAV_FEB_2017,CAT_TAV_MAR_2017,CAT_TAV_APR_2017,CAT_TAV_MAY_2017,CAT_TAV_JUN_2017,CAT_TAV_JUL_2017,CAT_TAV_AUG_2017,CAT_TAV_SEP_2017,CAT_TAV_OCT_2017,CAT_TAV_NOV_2017,CAT_TAV_DEC_2017,TOT_TAV_JAN_2016,TOT_TAV_FEB_2016,TOT_TAV_MAR_2016,TOT_TAV_APR_2016,TOT_TAV_MAY_2016,TOT_TAV_JUN_2016,TOT_TAV_JUL_2016,TOT_TAV_AUG_2016,TOT_TAV_SEP_2016,TOT_TAV_OCT_2016,TOT_TAV_NOV_2016,TOT_TAV_DEC_2016,ID.y.y.y,TOT_TAV_JAN_2017,TOT_TAV_FEB_2017,TOT_TAV_MAR_2017,TOT_TAV_APR_2017,TOT_TAV_MAY_2017,TOT_TAV_JUN_2017,TOT_TAV_JUL_2017,TOT_TAV_AUG_2017,TOT_TAV_SEP_2017,TOT_TAV_OCT_2017,TOT_TAV_NOV_2017,TOT_TAV_DEC_2017,CAT_ET,ACC_ET,TOT_ET
3917070,11.04,11.04,11.04,-0.78,-0.78,-0.78,734.63,734.63,734.63,5.36,5.36,5.36,12.99,12.99,12.99,129.29,129.29,129.29,2,2,2,12.99,12.99,12.99,2.36,2.36,2.36,39,39,39,322,322,322,179.17,179.17,179.17,254.42,254.42,254.42,90.02,90.02,90.02,11,9,10.75,7.75,6,5,2,3,4,7,11.75,12.75,11,9,10.75,7.75,6,5,2,3,4,7,11.75,12.75,11,9,10.75,7.75,6,5,2,3,4,7,11.75,12.75,66.28,66.28,66.28,457.58,457.58,457.58,156.49,61.25,148.57,61.81,40.12,28.23,4.34,0.92,8.02,243.56,120.9,185.86,406322,155.98,225.56,112.78,107.47,44.9,31.41,2.1,4.96,15.48,53.14,124.62,41.05,156.49,61.25,148.57,61.81,40.12,28.23,4.34,0.92,8.02,243.56,120.9,185.86,406322,155.98,225.56,112.78,107.47,44.9,31.41,2.1,4.96,15.48,53.14,124.62,41.05,156.49,61.25,148.57,61.81,40.12,28.23,4.34,0.92,8.02,243.56,120.9,185.86,406322,155.98,225.56,112.78,107.47,44.9,31.41,2.1,4.96,15.48,53.14,124.62,41.05,-0.81,3.33,2.31,7.82,9.59,14.52,18.06,20.33,14.46,7.04,4.19,-2.19,406322,-2.02,0.55,2.97,3.22,10.27,14.4,20.74,21.24,15.36,8.68,2.38,1.9,-0.81,3.33,2.31,7.82,9.59,14.52,18.06,20.33,14.46,7.04,4.19,-2.19,406322,-2.02,0.55,2.97,3.22,10.27,14.4,20.74,21.24,15.36,8.68,2.38,1.9,-0.81,3.33,2.31,7.82,9.59,14.52,18.06,20.33,14.46,7.04,4.19,-2.19,406322,-2.02,0.55,2.97,3.22,10.27,14.4,20.74,21.24,15.36,8.68,2.38,1.9,461,461,461
3917072,12.21,12.21,12.21,0.13,0.13,0.13,698.86,698.86,698.86,6,6,6,13,13,13,130,130,130,2,2,2,13,13,13,2.36,2.36,2.36,39,39,39,318.45,318.45,318.45,174,174,174,257,257,257,87,87,87,11,9,10,7,6,5,2,3,4,7,11,12,11,9,10,7,6,5,2,3,4,7,11,12,11,9,10,7,6,5,2,3,4,7,11,12,65,65,65,473,473,473,155.99,59.31,148.41,61.56,40,28.31,4.28,0.93,7.76,243.46,120.31,184.6,406323,155.57,218.93,112.05,106.91,44.04,30.93,2.17,4.76,15.15,52.63,124.02,40.73,155.99,59.31,148.41,61.56,39.99,28.31,4.28,0.93,7.76,243.46,120.31,184.6,406323,155.57,218.93,112.05,106.91,44.04,30.93,2.17,4.76,15.15,52.63,124.02,40.73,155.99,59.31,148.41,61.56,40,28.31,4.28,0.93,7.76,243.46,120.31,184.6,406323,155.57,218.93,112.05,106.91,44.04,30.93,2.17,4.76,15.15,52.63,124.02,40.73,-0.75,3.41,2.41,7.92,9.69,14.63,18.19,20.46,14.58,7.14,4.26,-2.16,406323,-1.97,0.62,3.06,3.32,10.39,14.51,20.87,21.37,15.47,8.78,2.45,1.9,-0.75,3.41,2.41,7.92,9.69,14.63,18.19,20.46,14.58,7.14,4.26,-2.16,406323,-1.97,0.62,3.06,3.32,10.39,14.51,20.87,21.37,15.47,8.78,2.45,1.9,-0.75,3.41,2.41,7.92,9.69,14.63,18.19,20.46,14.58,7.14,4.26,-2.16,406323,-1.97,0.62,3.06,3.32,10.39,14.51,20.87,21.37,15.47,8.78,2.45,1.9,503,503,503
3917082,11.61,11.61,11.61,-0.76,-0.76,-0.76,659.49,659.49,659.49,5.55,5.55,5.55,11.13,11.13,11.13,104.31,104.31,104.31,2,2,2,11.9,11.9,11.9,2.36,2.36,2.36,39.6,39.6,39.6,414.37,414.37,414.37,182.09,182.09,182.09,251.86,251.86,251.86,82.01,82.01,82.01,9.65,8.65,9.65,6.79,6,5,2,3,3.75,5.86,10.81,10.85,9.65,8.65,9.65,6.79,6,5,2,3,3.75,5.86,10.81,10.85,9.65,8.65,9.65,6.79,6,5,2,3,3.75,5.86,10.81,10.85,63.44,63.44,63.44,454.64,454.64,454.64,179.04,74.79,169.52,65.01,34,24.74,3.28,1.13,4.03,261.9,133.89,197,406328,185.1,260.75,132.09,122.46,42.44,46.1,2.21,3.99,19.41,60.66,129.67,46.7,179.04,74.79,169.52,65.01,34,24.74,3.28,1.13,4.03,261.9,133.89,197,406328,185.1,260.75,132.09,122.46,42.44,46.1,2.21,3.99,19.41,60.66,129.67,46.7,179.04,74.79,169.52,65.01,34,24.74,3.28,1.13,4.03,261.9,133.89,197,406328,185.1,260.75,132.09,122.46,42.44,46.1,2.21,3.99,19.41,60.66,129.67,46.7,-1.35,2.55,1.29,6.73,8.34,13.36,16.98,19.18,13.39,6.25,3.29,-2.74,406328,-2.8,-0.16,1.99,2.05,9.18,13.34,19.82,20.1,14.13,7.78,1.83,1.14,-1.35,2.55,1.29,6.73,8.34,13.36,16.98,19.18,13.39,6.25,3.29,-2.74,406328,-2.8,-0.16,1.99,2.05,9.18,13.34,19.82,20.1,14.13,7.78,1.83,1.14,-1.35,2.55,1.29,6.73,8.34,13.36,16.98,19.18,13.39,6.25,3.29,-2.74,406328,-2.8,-0.16,1.99,2.05,9.18,13.34,19.82,20.1,14.13,7.78,1.83,1.14,484,484,484
3917084,11.87,11.87,11.87,-0.18,-0.18,-0.18,688.26,688.26,688.26,5.08,5.08,5.08,11.92,11.92,11.92,116.37,116.37,116.37,2,2,2,12.12,12.12,12.12,2.36,2.36,2.36,39.87,39.87,39.87,451.14,451.14,451.14,183.07,183.07,183.07,252.07,252.07,252.07,85.21,85.21,85.21,10.18,8.92,9.95,6.99,6,5,2,3,3.95,6.01,11.53,11.67,10.18,8.92,9.95,6.99,6,5,2,3,3.95,6.01,11.53,11.67,10.18,8.92,9.95,6.99,6,5,2,3,3.95,6.01,11.53,11.67,65.1,65.1,65.1,441.89,441.89,441.89,164.69,67.13,159.99,64.35,36,25.18,3.69,1.07,4.54,255.82,128.18,189.95,406329,166.93,243.39,121.3,118.13,42.91,39.38,2.3,4.51,17.57,56.74,127.04,43.62,164.69,67.13,159.99,64.35,36,25.18,3.69,1.07,4.54,255.82,128.18,189.95,406329,166.93,243.39,121.3,118.13,42.91,39.38,2.3,4.51,17.57,56.74,127.04,43.62,164.69,67.13,159.99,64.35,36,25.18,3.69,1.07,4.54,255.82,128.18,189.95,406329,166.93,243.39,121.3,118.13,42.91,39.38,2.3,4.51,17.57,56.74,127.04,43.62,-0.91,2.99,1.91,7.27,9,13.99,17.5,19.67,13.95,6.72,3.87,-2.4,406329,-2.29,0.23,2.55,2.65,9.79,13.91,20.21,20.6,14.76,8.21,2.22,1.46,-0.91,2.99,1.91,7.27,9,13.99,17.5,19.67,13.95,6.72,3.87,-2.4,406329,-2.29,0.23,2.55,2.65,9.79,13.91,20.21,20.6,14.76,8.21,2.22,1.46,-0.91,2.99,1.91,7.27,9,13.99,17.5,19.67,13.95,6.72,3.87,-2.4,406329,-2.29,0.23,2.55,2.65,9.79,13.91,20.21,20.6,14.76,8.21,2.22,1.46,494,494,494
3917106,12.75,12.19,12.19,0.49,0.05,0.05,638.38,667.6,667.6,5.83,5.39,5.39,10.49,11.33,11.33,96.05,107.93,107.93,2,2,2,10.92,11.65,11.65,2.36,2.36,2.36,38.01,39.14,39.14,410.92,433.72,433.72,179.73,181.74,181.74,253.15,252.47,252.47,78.91,82.62,82.62,9.79,8.65,9.66,6.73,6,5,2,3,3.58,5.96,11.02,11.23,9.24,8.24,9.24,6.35,6,5,2,3,3.01,5.89,10.31,10.64,9.79,8.65,9.66,6.73,6,5,2,3,3.58,5.96,11.02,11.23,63.54,64.41,64.41,464.16,451.11,451.11,164.99,66.73,158.76,62.42,34.85,25.6,3.58,1.08,4.36,252.98,124.39,185.22,406340,167.04,239.02,120.37,116.72,41.11,40.22,2.27,4.39,17.68,55.24,123.51,42.22,163.39,64.97,155.39,59.22,33.29,26.34,3.47,1.1,4.12,247.51,117.43,176.57,406340,164.58,229.42,117.31,113.82,38.28,40.61,2.24,4.28,17.58,52.23,117.42,39.5,164.99,66.73,158.76,62.42,34.85,25.6,3.58,1.08,4.36,252.98,124.39,185.22,406340,167.04,239.02,120.37,116.72,41.11,40.22,2.27,4.39,17.68,55.24,123.51,42.22,-0.9,3.04,1.95,7.32,9.01,14,17.54,19.72,13.96,6.75,3.86,-2.39,406340,-2.32,0.3,2.62,2.68,9.82,13.94,20.28,20.65,14.75,8.24,2.26,1.46,-0.82,3.19,2.12,7.47,9.13,14.12,17.69,19.87,14.07,6.87,3.93,-2.31,406340,-2.28,0.47,2.81,2.83,9.94,14.07,20.44,20.79,14.82,8.35,2.38,1.5,-0.9,3.04,1.95,7.32,9.01,14,17.54,19.72,13.96,6.75,3.86,-2.39,406340,-2.32,0.3,2.62,2.68,9.82,13.94,20.28,20.65,14.75,8.24,2.26,1.46,488,491,491
3917114,14.14,14.14,14.14,1.82,1.82,1.82,615.53,615.53,615.53,5.75,5.75,5.75,12.03,12.03,12.03,117.1,117.1,117.1,2,2,2,11.4,11.4,11.4,2.36,2.36,2.36,37.51,37.51,37.51,434.88,434.88,434.88,176.9,176.9,176.9,255.4,255.4,255.4,84.71,84.71,84.71,10.19,9,10,7,6,5,2,3,3.26,6.19,11.07,12,10.19,9,10,7,6,5,2,3,3.26,6.19,11.07,12,10.19,9,10,7,6,5,2,3,3.26,6.19,11.07,12,65,65,65,471.91,471.91,471.91,149.75,54.22,141.04,55.28,34.6,27.63,3.82,0.98,5.24,229.1,106.21,160.21,406344,147.23,201.46,102.35,100.81,36.2,30.64,2.22,4.76,14.46,45.11,110.82,34.58,149.75,54.22,141.04,55.28,34.6,27.63,3.82,0.98,5.24,229.1,106.21,160.21,406344,147.23,201.46,102.35,100.81,36.2,30.64,2.22,4.76,14.46,45.11,110.82,34.58,149.75,54.22,141.04,55.28,34.6,27.63,3.82,0.98,5.24,229.1,106.21,160.21,406344,147.23,201.46,102.35,100.81,36.2,30.64,2.22,4.76,14.46,45.11,110.82,34.58,-0.24,3.82,3.01,8.33,10.14,15.09,18.48,20.62,14.88,7.54,4.69,-1.84,406344,-1.7,1.08,3.6,3.77,10.88,14.99,21.1,21.57,15.72,9,2.97,1.89,-0.24,3.82,3.01,8.33,10.14,15.09,18.48,20.62,14.88,7.54,4.69,-1.84,406344,-1.7,1.08,3.6,3.77,10.88,14.99,21.1,21.57,15.72,9,2.97,1.89,-0.24,3.82,3.01,8.33,10.14,15.09,18.48,20.62,14.88,7.54,4.69,-1.84,406344,-1.7,1.08,3.6,3.77,10.88,14.99,21.1,21.57,15.72,9,2.97,1.89,495,495,495
3917130,13.74,12.93,12.93,1.39,1.02,1.02,623.47,620.59,620.59,5.87,5.99,5.99,11.67,10.72,10.72,110.65,100.15,100.15,2,2,2,11.22,11.17,11.17,2.36,2.36,2.36,37.62,38.23,38.23,496.86,431.62,431.62,177.14,178.57,178.57,255.03,253.67,253.67,82.81,79.14,79.14,9.22,8.14,9.18,6.57,6.09,5,2,3,3.24,5.75,10.31,10.63,9.84,8.84,9.84,6.84,6.11,5,2,3,3.02,6,10.85,11.48,9.22,8.14,9.18,6.57,6.09,5,2,3,3.24,5.75,10.31,10.63,64.99,63.89,63.89,475.49,473.04,473.04,146.86,54.11,140.25,52.01,33.39,30.18,3.75,1.18,4.24,225.42,97.71,153.09,406352,141.96,193.47,101.32,108.18,33.02,35.54,2.16,4.61,15.73,41.14,102.65,30.48,136.08,47.12,129.91,48.7,31.81,30.04,3.82,1.02,4.31,215.79,90.52,138.26,406352,127.36,175.22,90.35,98.53,29.45,29.29,2.23,4.94,13.3,35.34,97.84,26.18,146.86,54.11,140.25,52.01,33.39,30.18,3.75,1.18,4.24,225.42,97.71,153.09,406352,141.96,193.47,101.32,108.18,33.02,35.54,2.16,4.61,15.73,41.14,102.65,30.48,-0.41,3.7,2.75,8.02,9.75,14.71,18.29,20.43,14.63,7.34,4.43,-2.01,406352,-1.88,0.96,3.44,3.41,10.52,14.62,20.93,21.33,15.38,8.8,2.79,1.77,0,4.14,3.45,8.61,10.42,15.34,18.76,20.88,15.04,7.71,4.92,-1.67,406352,-1.51,1.43,4.08,4.08,11.17,15.27,21.39,21.8,15.85,9.2,3.2,2.04,-0.41,3.7,2.75,8.02,9.75,14.71,18.29,20.43,14.63,7.34,4.43,-2.01,406352,-1.88,0.96,3.44,3.41,10.52,14.62,20.93,21.33,15.38,8.8,2.79,1.77,500,480,480
3917136,12.42,12.42,12.42,0.3,0.3,0.3,650.56,650.56,650.56,5.98,5.98,5.98,10,10,10,89.39,89.39,89.39,2,2,2,11,11,11,2.36,2.36,2.36,37.86,37.86,37.86,385.17,385.17,385.17,179.95,179.95,179.95,252.54,252.54,252.54,72.69,72.69,72.69,8.15,7.15,8.15,6,6,5,2,3,3,5.15,9.5,9.6,8.15,7.15,8.15,6,6,5,2,3,3,5.15,9.5,9.6,8.15,7.15,8.15,6,6,5,2,3,3,5.15,9.5,9.6,62.49,62.49,62.49,480.8,480.8,480.8,159.57,62.91,149.82,55.08,31.56,26.8,3.41,1.12,4.02,242.39,106.47,166.06,406355,159.92,216.92,112.8,109.12,35.78,41.32,2.21,4.13,17.77,49.08,108.19,36.11,159.57,62.91,149.82,55.08,31.56,26.8,3.41,1.12,4.02,242.39,106.47,166.06,406355,159.92,216.92,112.8,109.12,35.78,41.32,2.21,4.13,17.77,49.08,108.19,36.11,159.57,62.91,149.82,55.08,31.56,26.8,3.41,1.12,4.02,242.39,106.47,166.06,406355,159.92,216.92,112.8,109.12,35.78,41.32,2.21,4.13,17.77,49.08,108.19,36.11,-0.6,3.52,2.47,7.81,9.42,14.4,18.05,20.24,14.39,7.2,4.15,-2.11,406355,-2.11,0.82,3.18,3.17,10.23,14.35,20.79,21.14,15.09,8.64,2.67,1.65,-0.6,3.52,2.47,7.81,9.42,14.4,18.05,20.24,14.39,7.2,4.15,-2.11,406355,-2.11,0.82,3.18,3.17,10.23,14.35,20.79,21.14,15.09,8.64,2.67,1.65,-0.6,3.52,2.47,7.81,9.42,14.4,18.05,20.24,14.39,7.2,4.15,-2.11,406355,-2.11,0.82,3.18,3.17,10.23,14.35,20.79,21.14,15.09,8.64,2.67,1.65,464,464,464
3917138,13.47,13.47,13.47,1.46,1.46,1.46,622.54,622.54,622.54,5.9,5.9,5.9,10,10,10,91,91,91,2,2,2,11,11,11,2.36,2.36,2.36,38,38,38,401.55,401.55,401.55,180,180,180,253,253,253,71,71,71,8,7,8,6,6,5,2,3,3,5,9,9,8,7,8,6,6,5,2,3,3,5,9,9,8,7,8,6,6,5,2,3,3,5,9,9,63,63,63,486.18,486.18,486.18,131.9,45.95,123.38,42.81,29.19,29.47,3.67,1.1,4.08,217.24,71.54,126.27,406356,124.26,157.61,86.21,91.85,27.67,33.57,2.25,4.44,15.29,33.87,81.27,22.3,131.9,45.95,123.38,42.81,29.19,29.47,3.67,1.1,4.08,217.24,71.54,126.27,406356,124.25,157.61,86.21,91.85,27.67,33.57,2.25,4.44,15.29,33.87,81.27,22.3,131.9,45.95,123.38,42.81,29.19,29.47,3.67,1.1,4.08,217.24,71.54,126.27,406356,124.26,157.61,86.21,91.85,27.67,33.57,2.25,4.44,15.29,33.87,81.27,22.3,0.44,4.84,4.09,9.27,10.91,15.84,19.51,21.66,15.76,8.49,5.37,-1.26,406356,-1.13,2.13,4.8,4.7,11.7,15.75,22.08,22.56,16.42,9.81,3.81,2.36,0.44,4.84,4.09,9.27,10.91,15.84,19.51,21.66,15.76,8.49,5.37,-1.26,406356,-1.13,2.13,4.8,4.7,11.7,15.75,22.08,22.56,16.42,9.81,3.81,2.36,0.44,4.84,4.09,9.27,10.91,15.84,19.51,21.66,15.76,8.49,5.37,-1.26,406356,-1.13,2.13,4.8,4.7,11.7,15.75,22.08,22.56,16.42,9.81,3.81,2.36,445,445,445
3917154,13.34,12.91,12.91,1.38,0.98,0.98,656.93,671.33,671.33,5.75,5.69,5.69,12.6,12.67,12.67,125.44,126.18,126.18,2,2,2,12.42,12.53,12.53,2.36,2.36,2.36,38.56,38.64,38.64,370.67,361.41,361.41,176.14,176.67,176.67,255.95,255.68,255.68,86.68,87.29,87.29,10.72,9,10.3,7.3,6.11,5,2,3,3.72,6.72,11.2,12.2,10.66,9,10.2,7.2,6.13,5,2,3,3.66,6.66,11.08,12.08,10.72,9,10.3,7.3,6.11,5,2,3,3.72,6.72,11.2,12.2,65.22,65.41,65.41,473.75,470.83,470.83,153.9,57.83,145.51,59.33,38.32,28.19,4.15,0.94,7.12,237.98,115.32,176.44,406364,152.73,213.74,108.7,104.35,41.62,30.66,2.16,4.8,14.89,50.07,119.54,38.65,153.3,57.06,144.8,58.75,37.9,28.18,4.11,0.94,6.91,236.68,114.02,174.25,406364,151.97,211.05,107.76,103.63,40.86,30.49,2.18,4.76,14.76,49.36,118.36,38.09,153.9,57.83,145.51,59.33,38.32,28.19,4.15,0.94,7.12,237.98,115.32,176.44,406364,152.73,213.74,108.7,104.35,41.62,30.66,2.16,4.8,14.89,50.07,119.54,38.65,-0.59,3.54,2.61,8.06,9.85,14.79,18.29,20.52,14.68,7.27,4.4,-2.05,406364,-1.89,0.77,3.24,3.48,10.55,14.67,20.95,21.44,15.56,8.86,2.62,1.91,-0.54,3.59,2.67,8.12,9.91,14.85,18.34,20.56,14.73,7.32,4.45,-2.02,406364,-1.85,0.82,3.3,3.54,10.61,14.73,21,21.49,15.6,8.9,2.67,1.91,-0.59,3.54,2.61,8.06,9.85,14.79,18.29,20.52,14.68,7.27,4.4,-2.05,406364,-1.89,0.77,3.24,3.48,10.55,14.67,20.95,21.44,15.56,8.86,2.62,1.91,504,496,496
3917156,15.22,15.22,15.22,2.19,2.19,2.19,593.5,593.5,593.5,7.3,7.3,7.3,11,11,11,103,103,103,2,2,2,10,10,10,2.36,2.36,2.36,37.71,37.71,37.71,252.17,252.17,252.17,166,166,166,261,261,261,85.07,85.07,85.07,9.99,8.99,10.37,7.37,6.37,5,2,3,3,6,10.99,11.99,9.99,8.99,10.37,7.37,6.37,5,2,3,3,6,10.99,11.99,9.99,8.99,10.37,7.37,6.37,5,2,3,3,6,10.99,11.99,65,65,65,506.72,506.72,506.72,141.1,46.41,124.67,45.83,31.86,29.73,3.83,0.92,6.05,202.24,85.24,132.9,406365,135.45,171.89,88.22,83.38,29.67,25.12,2.05,4.81,12.03,35.02,94.92,26.91,141.1,46.41,124.67,45.83,31.86,29.73,3.83,0.92,6.05,202.24,85.24,132.9,406365,135.45,171.89,88.22,83.38,29.67,25.12,2.05,4.81,12.03,35.02,94.92,26.91,141.1,46.41,124.67,45.83,31.86,29.73,3.83,0.92,6.05,202.24,85.24,132.9,406365,135.45,171.89,88.22,83.38,29.67,25.12,2.05,4.81,12.03,35.02,94.92,26.91,0.23,4.45,3.84,9.18,11.02,15.95,19.29,21.39,15.61,8.19,5.27,-1.4,406365,-1.34,1.76,4.41,4.67,11.7,15.84,21.86,22.34,16.45,9.65,3.56,2.19,0.23,4.45,3.84,9.18,11.02,15.95,19.29,21.39,15.61,8.19,5.27,-1.4,406365,-1.34,1.76,4.41,4.67,11.7,15.84,21.86,22.34,16.45,9.65,3.56,2.19,0.23,4.45,3.84,9.18,11.02,15.95,19.29,21.39,15.61,8.19,5.27,-1.4,406365,-1.34,1.76,4.41,4.67,11.7,15.84,21.86,22.34,16.45,9.65,3.56,2.19,486,486,486
3917158,17.39,17.39,17.39,2.81,2.81,2.81,634.52,634.52,634.52,9.12,9.12,9.12,11,11,11,87,87,87,2,2,2,7.19,7.19,7.19,2.36,2.36,2.36,30.78,30.78,30.78,6.5,6.5,6.5,153.77,153.77,153.77,265.81,265.81,265.81,79.67,79.67,79.67,9,8.35,9.35,7,6,4.99,2,3,3,6,10,10.99,9,8.35,9.35,7,6,4.99,2,3,3,6,10,10.99,9,8.35,9.35,7,6,4.99,2,3,3,6,10,10.99,65,65,65,593.26,593.26,593.26,141.69,37.15,107.69,31.19,24.75,28.82,4.03,0.81,4.95,154.05,61.27,95.92,406366,138.29,140.32,70.7,48.69,17.37,17.39,0.92,4.89,10,21.37,70.65,17.68,141.69,37.15,107.69,31.19,24.75,28.82,4.03,0.81,4.95,154.05,61.27,95.92,406366,138.29,140.32,70.7,48.69,17.37,17.39,0.92,4.89,10,21.37,70.65,17.68,141.69,37.15,107.69,31.19,24.75,28.82,4.03,0.81,4.95,154.05,61.27,95.92,406366,138.29,140.32,70.7,48.69,17.37,17.39,0.92,4.89,10,21.37,70.65,17.68,2.52,5.88,6.64,11.4,13.65,18.57,21.48,22.66,16.89,10.17,7.14,0.09,406366,-0.54,3.96,6.63,7.31,13.88,18.33,23.58,23.73,17.82,10.74,5.79,1.94,2.52,5.88,6.64,11.4,13.65,18.57,21.48,22.66,16.89,10.17,7.14,0.09,406366,-0.54,3.96,6.63,7.31,13.88,18.33,23.58,23.73,17.82,10.74,5.79,1.94,2.52,5.88,6.64,11.4,13.65,18.57,21.48,22.66,16.89,10.17,7.14,0.09,406366,-0.54,3.96,6.63,7.31,13.88,18.33,23.58,23.73,17.82,10.74,5.79,1.94,503,503,503
3917160,17.15,17.15,17.15,2.84,2.84,2.84,633.69,633.69,633.69,9.04,9.04,9.04,10.57,10.57,10.57,87.01,87.01,87.01,2,2,2,7.37,7.37,7.37,2.36,2.36,2.36,30.29,30.29,30.29,7.3,7.3,7.3,153.55,153.55,153.55,266.04,266.04,266.04,79.69,79.69,79.69,9,8.29,9.29,7,6,5,2,3,3,6,10.11,11,9,8.29,9.29,7,6,5,2,3,3,6,10.11,11,9,8.29,9.29,7,6,5,2,3,3,6,10.11,11,65,65,65,594.59,594.59,594.59,146.12,40.24,111.94,34.24,25.4,27.71,4.01,0.83,5.75,156.57,65.57,95.96,406367,145.69,150.67,76.31,53.28,19.22,17.61,0.8,4.38,10.58,23.72,74.2,18,146.12,40.24,111.94,34.24,25.4,27.71,4.01,0.83,5.75,156.57,65.57,95.96,406367,145.69,150.67,76.31,53.28,19.22,17.61,0.8,4.38,10.58,23.72,74.2,18,146.12,40.24,111.94,34.24,25.4,27.71,4.01,0.83,5.75,156.57,65.57,95.96,406367,145.69,150.67,76.31,53.28,19.22,17.61,0.8,4.38,10.58,23.72,74.2,18,2.19,5.92,6.39,11.29,13.48,18.35,21.25,22.7,16.89,9.98,7,0.06,406367,-0.42,3.85,6.55,7.11,13.74,18.14,23.46,23.72,17.78,10.84,5.53,2.14,2.19,5.92,6.39,11.29,13.48,18.35,21.25,22.7,16.89,9.98,7,0.06,406367,-0.42,3.85,6.55,7.11,13.74,18.14,23.46,23.72,17.78,10.84,5.53,2.14,2.19,5.92,6.39,11.29,13.48,18.35,21.25,22.7,16.89,9.98,7,0.06,406367,-0.42,3.85,6.55,7.11,13.74,18.14,23.46,23.72,17.78,10.84,5.53,2.14,519,519,519
3917162,13.84,13.04,13.04,1.42,1.07,1.07,615.88,620.08,620.08,6.46,6.03,6.03,11.39,10.81,10.81,109.47,101.33,101.33,2,2,2,10.79,11.14,11.14,2.36,2.36,2.36,37.42,38.15,38.15,462.14,434.26,434.26,173,178.06,178.06,256.79,253.97,253.97,83.12,79.61,79.61,9.31,8.22,9.27,6.62,6.09,5,2,3,3.22,5.78,10.38,10.72,10,8.83,10,7,6.14,5,2,3,3,6,10.83,11.31,9.31,8.22,9.27,6.62,6.09,5,2,3,3.22,5.78,10.38,10.72,65,64.01,64.01,491.88,474.6,474.6,145.62,53.02,138.39,51.16,33.08,30.24,3.75,1.16,4.28,222.77,95.91,150.07,406368,140.32,190.27,99.51,106.07,32.3,34.55,2.15,4.64,15.33,40.06,101.36,29.7,131.35,41.16,117.98,40.98,29.31,31.64,3.73,1,4.52,192.97,73.99,115.22,406368,120.93,153.19,79.54,85.14,23.55,25.14,2.08,4.96,11.38,27.14,85.03,20.11,145.62,53.02,138.39,51.16,33.08,30.24,3.75,1.16,4.28,222.77,95.91,150.07,406368,140.32,190.27,99.51,106.07,32.3,34.55,2.15,4.64,15.33,40.06,101.36,29.7,-0.34,3.78,2.87,8.14,9.87,14.83,18.39,20.52,14.71,7.42,4.51,-1.94,406368,-1.82,1.05,3.55,3.54,10.64,14.74,21.02,21.42,15.48,8.87,2.87,1.81,0.4,4.63,4.1,9.28,11.12,16.03,19.36,21.42,15.61,8.23,5.38,-1.31,406368,-1.24,1.97,4.7,4.78,11.83,15.96,21.93,22.36,16.42,9.68,3.7,2.23,-0.34,3.78,2.87,8.14,9.87,14.83,18.39,20.52,14.71,7.42,4.51,-1.94,406368,-1.82,1.05,3.55,3.54,10.64,14.74,21.02,21.42,15.48,8.87,2.87,1.81,485,480,480
3917164,16.33,16.33,16.33,3.11,3.11,3.11,622.98,622.98,622.98,8.25,8.25,8.25,10.88,10.88,10.88,88.86,88.86,88.86,2,2,2,8.86,8.86,8.86,2.36,2.36,2.36,32.85,32.85,32.85,41.4,41.4,41.4,159.67,159.67,159.67,263.67,263.67,263.67,81.77,81.77,81.77,9.05,8.84,9.95,7.48,6.05,5,2,3,3,6,10.5,10.91,9.05,8.84,9.95,7.48,6.05,5,2,3,3,6,10.5,10.91,9.05,8.84,9.95,7.48,6.05,5,2,3,3,6,10.5,10.91,65,65,65,555.27,555.27,555.27,141.49,41.98,114.89,36.97,27.4,28.53,3.98,0.87,5.59,167.84,67.41,102.63,406369,137.71,155.01,78.9,62.71,22.23,19.94,1.27,4.89,10.21,26.25,78.91,20.03,141.49,41.98,114.89,36.97,27.4,28.53,3.98,0.87,5.59,167.84,67.41,102.63,406369,137.71,155.01,78.9,62.71,22.23,19.94,1.27,4.89,10.21,26.25,78.91,20.03,141.49,41.98,114.89,36.97,27.4,28.53,3.98,0.87,5.59,167.84,67.41,102.63,406369,137.71,155.01,78.9,62.71,22.23,19.94,1.27,4.89,10.21,26.25,78.91,20.03,1.36,5.42,5.28,10.53,12.48,17.41,20.6,22.48,16.63,9.43,6.4,-0.63,406369,-0.59,2.93,5.65,6.11,13.01,17.25,23.07,23.53,17.54,10.57,4.69,2.24,1.36,5.42,5.28,10.53,12.48,17.41,20.6,22.48,16.63,9.43,6.4,-0.63,406369,-0.59,2.93,5.65,6.11,13.01,17.25,23.07,23.53,17.54,10.57,4.69,2.24,1.36,5.42,5.28,10.53,12.48,17.41,20.6,22.48,16.63,9.43,6.4,-0.63,406369,-0.59,2.93,5.65,6.11,13.01,17.25,23.07,23.53,17.54,10.57,4.69,2.24,501,501,501
3917172,14.11,14.11,14.11,1.93,1.93,1.93,646.65,646.65,646.65,7.25,7.25,7.25,11.47,11.47,11.47,106.2,106.2,106.2,2,2,2,10.58,10.58,10.58,2.36,2.36,2.36,37.53,37.53,37.53,211.07,211.07,211.07,166.34,166.34,166.34,260.62,260.62,260.62,85.65,85.65,85.65,9.86,8.86,10.56,7.74,6.4,5,2,3,3.17,6.29,11.03,11.74,9.86,8.86,10.56,7.74,6.4,5,2,3,3.17,6.29,11.03,11.74,9.86,8.86,10.56,7.74,6.4,5,2,3,3.17,6.29,11.03,11.74,65.01,65.01,65.01,506.07,506.07,506.07,148.04,49.43,130.11,47.79,32.74,28.54,4.1,0.9,6.47,200.96,90.24,138.3,406373,145.48,182.79,93.61,83.26,31.54,24.71,1.67,4.85,12.33,37.7,98.66,28.99,148.04,49.43,130.11,47.79,32.74,28.54,4.1,0.9,6.47,200.96,90.24,138.3,406373,145.48,182.79,93.61,83.26,31.54,24.71,1.67,4.85,12.33,37.7,98.66,28.99,148.04,49.43,130.11,47.79,32.74,28.54,4.1,0.9,6.47,200.96,90.24,138.3,406373,145.48,182.79,93.61,83.26,31.54,24.71,1.67,4.85,12.33,37.7,98.66,28.99,0.45,4.54,4.04,9.39,11.26,16.19,19.54,21.56,15.71,8.43,5.46,-1.28,406373,-1.2,1.92,4.52,4.9,11.86,16.05,22.09,22.56,16.61,9.77,3.73,2.11,0.45,4.54,4.04,9.39,11.26,16.19,19.54,21.56,15.71,8.43,5.46,-1.28,406373,-1.2,1.92,4.52,4.9,11.86,16.05,22.09,22.56,16.61,9.77,3.73,2.1,0.45,4.54,4.04,9.39,11.26,16.19,19.54,21.56,15.71,8.43,5.46,-1.28,406373,-1.2,1.92,4.52,4.9,11.86,16.05,22.09,22.56,16.61,9.77,3.73,2.11,466,466,466
3917176,15.32,13.38,13.38,2.31,1.26,1.26,604.4,623.13,623.13,7.79,6.28,6.28,11.01,11.06,11.06,102.79,104.33,104.33,2,2,2,9.89,11.08,11.08,2.36,2.36,2.36,37.68,38.07,38.07,260.18,395.86,395.86,163.53,175.42,175.42,261.54,255.52,255.52,80.92,81.05,81.05,9.53,8.36,9.56,6.82,6.12,5,2,3,3.22,5.92,10.5,11.01,9.62,8.21,9.83,7,6,5,2,3,3,6,10.21,11.04,9.53,8.36,9.56,6.82,6.12,5,2,3,3.22,5.92,10.5,11.01,65,64.34,64.34,537.04,483.11,483.11,145.13,51.34,135.09,49.77,32.9,30.15,3.81,1.1,4.8,216.25,93.33,145.41,406375,140,185.99,96.76,99.86,31.58,31.74,2.06,4.7,14.39,38.67,99.86,28.97,138.42,39.68,115.81,37.12,28.46,32.02,3.82,1.01,4.88,171.1,66.94,102.92,406375,131.45,148.84,77.53,73.85,20.46,21.03,1.4,4.87,10.25,23.94,79.26,18.37,145.13,51.34,135.09,49.77,32.9,30.15,3.81,1.1,4.8,216.25,93.33,145.41,406375,140,185.99,96.76,99.86,31.58,31.74,2.06,4.7,14.39,38.67,99.86,28.97,-0.15,3.97,3.17,8.45,10.22,15.17,18.66,20.76,14.96,7.65,4.74,-1.77,406375,-1.68,1.26,3.8,3.88,10.95,15.07,21.26,21.68,15.75,9.09,3.09,1.91,1.05,5.03,4.83,9.98,11.94,16.86,19.98,21.73,16,8.88,5.93,-0.81,406375,-0.99,2.57,5.23,5.6,12.49,16.69,22.39,22.76,16.84,10.05,4.37,2.24,-0.15,3.97,3.17,8.45,10.22,15.17,18.66,20.76,14.96,7.65,4.74,-1.77,406375,-1.68,1.26,3.8,3.88,10.95,15.07,21.26,21.68,15.75,9.09,3.09,1.91,492,483,483
3917178,14.42,13.24,13.24,1.7,1.17,1.17,607.38,622.19,622.19,7.24,6.14,6.14,11.21,11.03,11.03,107.02,104.26,104.26,2,2,2,10.48,11.17,11.17,2.36,2.36,2.36,37.9,38.13,38.13,325.96,415.45,415.45,167.55,176.61,176.61,259.87,254.88,254.88,81.69,80.71,80.71,9.51,8.33,9.48,6.75,6.1,5,2,3,3.23,5.89,10.47,10.96,9.73,8.32,10,7,6,5,2,3,3,6,10.32,11.32,9.51,8.33,9.48,6.75,6.1,5,2,3,3.23,5.89,10.47,10.96,65,64.26,64.26,516.54,479.07,479.07,145.2,51.99,136.29,50.47,33.1,30.19,3.78,1.11,4.67,219.34,94.7,147.78,406376,139.97,187.84,97.83,102.22,32.07,32.72,2.12,4.68,14.72,39.38,100.84,29.43,135.69,39.88,115.33,37.93,29.31,32.69,3.73,1.03,4.85,177.77,68.77,106.43,406376,127.37,149.12,77.32,77.39,21.43,22.44,1.71,4.89,10.43,24.52,81.04,18.82,145.2,51.99,136.29,50.47,33.1,30.19,3.78,1.11,4.67,219.34,94.7,147.78,406376,139.97,187.84,97.83,102.22,32.07,32.72,2.12,4.68,14.72,39.38,100.84,29.43,-0.25,3.88,3.03,8.31,10.07,15.02,18.53,20.66,14.86,7.54,4.64,-1.85,406376,-1.74,1.16,3.68,3.73,10.82,14.93,21.15,21.57,15.64,9,2.98,1.88,0.66,4.79,4.38,9.61,11.51,16.43,19.62,21.55,15.82,8.52,5.61,-1.09,406376,-1.16,2.21,4.88,5.16,12.14,16.3,22.1,22.54,16.65,9.86,3.99,2.24,-0.25,3.88,3.03,8.31,10.07,15.02,18.53,20.66,14.86,7.54,4.64,-1.85,406376,-1.74,1.16,3.68,3.73,10.82,14.93,21.15,21.57,15.64,9,2.98,1.88,506,484,484
3917194,12.98,12.98,12.98,1.65,1.65,1.65,581.67,581.67,581.67,6.31,6.31,6.31,10.28,10.28,10.28,96.5,96.5,96.5,2,2,2,10.75,10.75,10.75,2.34,2.34,2.34,37.96,37.96,37.96,412.61,412.61,412.61,177.02,177.02,177.02,254.1,254.1,254.1,78.33,78.33,78.33,9.03,7.91,9.05,6.82,6.21,5,2,3,3.13,5.82,10.03,10.33,9.03,7.91,9.05,6.82,6.21,5,2,3,3.13,5.82,10.03,10.33,9.03,7.91,9.05,6.82,6.21,5,2,3,3.13,5.82,10.03,10.33,64.09,64.09,64.09,482.64,482.64,482.64,136.33,46.41,131.21,46.19,35.19,36.56,4.02,1.42,4.07,205.97,84.37,135.72,406383,126.19,167.75,90.6,110.09,27.42,32.5,1.93,4.94,13.7,31.37,92.47,23.13,136.33,46.41,131.21,46.19,35.19,36.56,4.02,1.42,4.07,205.97,84.37,135.72,406383,126.19,167.75,90.6,110.09,27.42,32.5,1.93,4.94,13.7,31.37,92.47,23.13,136.33,46.41,131.21,46.19,35.19,36.56,4.02,1.42,4.07,205.97,84.37,135.72,406383,126.19,167.75,90.6,110.09,27.42,32.5,1.93,4.94,13.7,31.37,92.47,23.13,-0.56,3.55,2.54,7.83,9.6,14.55,18.19,20.31,14.51,7.14,4.32,-2.19,406383,-1.94,0.75,3.24,3.19,10.37,14.43,20.84,21.21,15.29,8.66,2.59,1.69,-0.56,3.55,2.54,7.83,9.6,14.55,18.19,20.31,14.51,7.14,4.32,-2.19,406383,-1.94,0.75,3.24,3.19,10.37,14.43,20.84,21.21,15.29,8.66,2.59,1.69,-0.56,3.55,2.54,7.83,9.6,14.55,18.19,20.31,14.51,7.14,4.32,-2.19,406383,-1.94,0.75,3.24,3.19,10.37,14.43,20.84,21.21,15.29,8.66,2.59,1.69,467,467,467
3917198,18.55,14.14,14.14,2.85,1.6,1.6,536.77,620.47,620.47,9.88,6.8,6.8,10,10.96,10.96,82.55,101.25,101.25,2,2,2,6,10.45,10.45,2.35,2.35,2.35,28,36.97,36.97,7.69,324.4,324.4,149.55,171.44,171.44,267.45,257.42,257.42,76.39,80.78,80.78,9.45,8.36,9.55,6.89,6.1,4.97,2,3,3.17,5.94,10.42,10.94,8.9,7.9,8.9,6.9,5.9,4.87,2,3,3,6,9.03,10,9.45,8.36,9.55,6.89,6.1,4.97,2,3,3.17,5.94,10.42,10.94,65,64.48,64.48,618.99,502.97,502.97,144.46,48.83,130.24,46.52,31.47,29.93,3.84,1.05,4.88,204.52,87.23,135.55,406384,139.63,177.91,92.23,91.04,29.01,28.98,1.85,4.72,13.5,35.48,94.6,26.75,138.79,36.24,105.46,30.37,24.09,28.81,4,0.86,4.62,151.6,59.77,94.65,406384,134.54,137.31,68.67,46.62,16.59,17.33,0.99,4.87,9.82,20.57,69.25,17.38,144.46,48.83,130.24,46.52,31.47,29.93,3.84,1.05,4.88,204.52,87.23,135.55,406384,139.63,177.91,92.23,91.04,29.01,28.98,1.85,4.72,13.5,35.48,94.6,26.75,0.29,4.32,3.75,8.97,10.81,15.75,19.14,21.12,15.32,8.09,5.16,-1.45,406384,-1.45,1.72,4.29,4.47,11.47,15.63,21.68,22.07,16.14,9.41,3.54,1.95,2.59,5.88,6.7,11.42,13.7,18.63,21.54,22.67,16.91,10.22,7.18,0.11,406384,-0.55,4,6.66,7.36,13.9,18.38,23.61,23.74,17.87,10.74,5.84,1.88,0.29,4.32,3.75,8.97,10.81,15.75,19.14,21.12,15.32,8.09,5.16,-1.45,406384,-1.45,1.72,4.29,4.47,11.47,15.63,21.68,22.07,16.14,9.41,3.54,1.95,455,488,488
3917200,18.63,14.4,14.4,2.74,1.69,0,528.6,616.56,616.56,10,7,0,10,10.9,10.9,82.01,100.03,100.03,2,2,2,6,10.15,10.15,2.35,2.35,2.35,28,36.43,36.43,14.93,303.84,303.84,149.01,169.98,169.98,267.99,258.11,258.11,71.79,80.45,80.45,9.42,8.31,9.49,6.87,6.09,4.97,2,3,3.16,5.94,10.33,10.88,8.13,7.13,8.13,6.13,5.13,4.13,2,3,3,6,9,10,9.42,8.31,9.49,6.87,6.09,4.97,2,3,3.16,5.94,10.33,10.88,65,64.5,64.5,620,510.42,510.42,143.2,47.82,127.98,45.3,30.77,29.79,3.84,1.05,4.78,200.27,85.09,132.42,406385,138.25,174.61,90.19,87.6,28,28.21,1.81,4.7,13.22,34.32,92.6,26.05,140.17,36.73,106.92,30.79,24.48,28.83,3.96,0.86,4.71,152.75,60.35,95.59,406385,135.68,138.67,69.85,47.7,16.81,17.34,0.95,4.91,9.93,20.87,69.83,17.54,143.2,47.82,127.98,45.3,30.77,29.79,3.84,1.05,4.78,200.27,85.09,132.42,406385,138.25,174.61,90.19,87.6,28,28.21,1.81,4.7,13.22,34.32,92.6,26.05,0.45,4.42,3.95,9.13,11.01,15.95,19.31,21.23,15.43,8.24,5.3,-1.34,406385,-1.39,1.88,4.45,4.67,11.62,15.82,21.81,22.18,16.26,9.5,3.69,1.93,2.58,5.88,6.69,11.42,13.68,18.61,21.52,22.67,16.89,10.2,7.17,0.09,406385,-0.56,3.99,6.65,7.35,13.91,18.36,23.58,23.74,17.83,10.72,5.83,1.87,0.45,4.42,3.95,9.13,11.01,15.95,19.31,21.23,15.43,8.24,5.3,-1.34,406385,-1.39,1.88,4.45,4.67,11.62,15.82,21.81,22.18,16.26,9.5,3.69,1.93,450,488,488
3917212,16.1,16.1,16.1,2.67,2.67,2.67,580.76,580.76,580.76,8.31,8.31,8.31,10.72,10.72,10.72,99.74,99.74,99.74,2,2,2,9.28,9.28,9.28,2.36,2.36,2.36,39.08,39.08,39.08,139.22,139.22,139.22,159.93,159.93,159.93,263.07,263.07,263.07,79.22,79.22,79.22,9.37,7.92,9.73,6.86,6,4.86,2,3,3,6,9.92,10.56,9.37,7.92,9.73,6.86,6,4.86,2,3,3,6,9.92,10.56,9.37,7.92,9.73,6.86,6,4.86,2,3,3,6,9.92,10.56,65,65,65,558.56,558.56,558.56,134.33,39.14,112.47,36.09,28.95,32.44,3.79,1.17,4.55,164.42,65.54,103.29,406388,124.92,146.2,75.01,68.83,19.4,20.67,1.13,4.89,10.46,23.07,76.69,18.26,134.33,39.14,112.47,36.09,28.95,32.44,3.79,1.17,4.55,164.42,65.54,103.29,406388,124.92,146.2,75.01,68.83,19.4,20.67,1.13,4.89,10.46,23.07,76.69,18.26,134.33,39.14,112.47,36.09,28.95,32.44,3.79,1.17,4.55,164.42,65.54,103.29,406388,124.92,146.2,75.01,68.83,19.4,20.67,1.13,4.89,10.46,23.07,76.69,18.26,1.34,5.17,5.06,10.11,12.14,17.09,20.18,21.82,16.08,9.01,6.11,-0.66,406388,-0.83,2.78,5.4,5.77,12.61,16.91,22.5,22.85,16.95,10.13,4.56,2.07,1.34,5.17,5.06,10.11,12.14,17.09,20.18,21.82,16.08,9.01,6.11,-0.66,406388,-0.83,2.78,5.4,5.77,12.61,16.91,22.5,22.85,16.95,10.13,4.56,2.07,1.34,5.17,5.06,10.11,12.14,17.09,20.18,21.82,16.08,9.01,6.11,-0.66,406388,-0.83,2.78,5.4,5.77,12.61,16.91,22.5,22.85,16.95,10.13,4.56,2.07,511,511,511
3917214,17.85,17.85,17.85,2.67,2.67,2.67,591.63,591.63,591.63,9.21,9.21,9.21,10.19,10.19,10.19,90.25,90.25,90.25,2,2,2,7.55,7.55,7.55,2.36,2.36,2.36,34.15,34.15,34.15,44.56,44.56,44.56,153.65,153.65,153.65,265.95,265.95,265.95,75.24,75.24,75.24,8.92,7.39,8.7,6.39,6,4.31,2,3,3,6,9.31,10.23,8.92,7.39,8.7,6.39,6,4.31,2,3,3,6,9.31,10.23,8.92,7.39,8.7,6.39,6,4.31,2,3,3,6,9.31,10.23,65,65,65,594.05,594.05,594.05,133.1,37.22,107.1,32.08,24.48,28.82,3.44,1.24,4.01,149.65,57.65,94.11,406389,122.12,138.18,70.61,50.83,15.39,17.65,0.98,4.75,10.11,20.4,68.31,16.92,133.1,37.22,107.1,32.08,24.48,28.82,3.44,1.24,4.01,149.65,57.65,94.11,406389,122.12,138.18,70.61,50.83,15.39,17.65,0.98,4.75,10.11,20.4,68.31,16.92,133.1,37.22,107.1,32.08,24.48,28.82,3.44,1.24,4.01,149.65,57.65,94.11,406389,122.12,138.18,70.61,50.83,15.39,17.65,0.98,4.75,10.11,20.4,68.31,16.92,2.42,5.87,6.44,11.23,13.42,18.38,21.34,22.64,16.86,10.03,7.05,-0.03,406389,-0.51,3.86,6.53,7.06,13.73,18.14,23.4,23.71,17.76,10.65,5.62,1.77,2.42,5.87,6.44,11.23,13.42,18.38,21.34,22.64,16.86,10.03,7.05,-0.03,406389,-0.51,3.86,6.53,7.06,13.73,18.14,23.4,23.71,17.76,10.65,5.62,1.77,2.42,5.87,6.44,11.23,13.42,18.38,21.34,22.64,16.86,10.03,7.05,-0.03,406389,-0.51,3.86,6.53,7.06,13.73,18.14,23.4,23.71,17.76,10.65,5.62,1.77,505,505,505
3917218,18.29,16.48,16.48,2.67,2.67,2.67,558.91,579.65,579.65,9.86,8.55,8.55,10,10.6,10.6,83.22,97.21,97.21,2,2,2,6.05,8.8,8.8,2.36,2.36,2.36,28,37.52,37.52,38.42,120.29,120.29,149.62,158.32,158.32,267.45,263.78,263.78,72.62,78.19,78.19,9.27,7.78,9.46,6.73,5.98,4.72,2,3,3,6,9.77,10.47,8.81,7,8,6,5.81,4,2,3,3,6,9,10,9.27,7.78,9.46,6.73,5.98,4.72,2,3,3,6,9.77,10.47,65,65,65,612.12,567.21,567.21,134.39,38.78,111.52,35.25,28.03,31.66,3.72,1.18,4.44,161.42,64.12,101.6,406391,124.8,144.7,74.2,64.95,18.58,20.03,1.1,4.86,10.4,22.51,75.07,18.03,136.19,37.3,107.97,31.42,23.9,28.08,3.4,1.25,3.92,148.28,58.77,95.01,406391,126.41,138.72,71.01,46.79,14.97,17.16,0.96,4.72,10.15,19.96,68.28,17.19,134.39,38.78,111.52,35.25,28.03,31.66,3.72,1.18,4.44,161.42,64.12,101.6,406391,124.8,144.7,74.2,64.95,18.58,20.03,1.1,4.86,10.4,22.51,75.07,18.03,1.57,5.31,5.36,10.35,12.42,17.37,20.43,21.99,16.23,9.23,6.31,-0.53,406391,-0.79,3.01,5.64,6.05,12.85,17.17,22.69,23.02,17.11,10.22,4.79,1.99,2.7,5.87,6.78,11.45,13.72,18.67,21.58,22.7,16.86,10.22,7.21,0.04,406391,-0.67,4.08,6.72,7.38,13.95,18.4,23.51,23.78,17.8,10.58,5.84,1.55,1.57,5.31,5.36,10.35,12.42,17.37,20.43,21.99,16.23,9.23,6.31,-0.53,406391,-0.79,3.01,5.64,6.05,12.85,17.17,22.69,23.02,17.11,10.22,4.79,1.99,526,512,512
3917220,18.63,16.61,16.61,2.72,2.67,2.67,526.53,577.98,577.98,10,8.64,8.64,10,10.56,10.56,82,96.21,96.21,2,2,2,6,8.61,8.61,2.35,2.35,2.35,28,36.86,36.86,28.03,113.77,113.77,149,157.69,157.69,268,264.05,264.05,71,77.78,77.78,9.23,7.73,9.36,6.68,5.95,4.67,2,3,3,6,9.72,10.44,8,7,8,6,5,4,2,3,3,6,9,10,9.23,7.73,9.36,6.68,5.95,4.67,2,3,3,6,9.72,10.44,65,65,65,620,570.61,570.61,134.48,38.68,111.28,34.99,27.74,31.41,3.69,1.19,4.39,160.48,63.74,101.14,406392,124.83,144.29,73.98,63.69,18.32,19.83,1.09,4.85,10.38,22.33,74.59,17.97,135.65,37.36,108.06,31.49,23.82,27.98,3.33,1.29,3.81,147.69,58.55,94.92,406392,125.21,138.69,71.13,46.65,14.73,17.14,0.96,4.7,10.18,19.84,68.07,17.14,134.48,38.68,111.28,34.99,27.74,31.41,3.69,1.19,4.39,160.48,63.74,101.14,406392,124.83,144.29,73.98,63.69,18.32,19.83,1.09,4.85,10.38,22.33,74.59,17.97,1.65,5.34,5.46,10.43,12.51,17.46,20.51,22.03,16.27,9.29,6.37,-0.49,406392,-0.78,3.09,5.72,6.14,12.93,17.26,22.74,23.08,17.16,10.25,4.86,1.96,2.72,5.87,6.79,11.45,13.73,18.68,21.59,22.7,16.86,10.22,7.22,0.04,406392,-0.68,4.09,6.73,7.38,13.96,18.4,23.5,23.79,17.8,10.56,5.84,1.51,1.65,5.34,5.46,10.43,12.51,17.46,20.51,22.03,16.27,9.29,6.37,-0.49,406392,-0.78,3.09,5.72,6.14,12.93,17.26,22.74,23.08,17.16,10.25,4.86,1.96,498,511,511
3917228,18.39,18.39,18.39,2.61,2.61,2.61,555.61,555.61,555.61,9.95,9.95,9.95,10,10,10,82.7,82.7,82.7,2,2,2,6.04,6.04,6.04,2.36,2.36,2.36,28,28,28,25.55,25.55,25.55,149.22,149.22,149.22,267.83,267.83,267.83,72.19,72.19,72.19,8.6,7,8,6,5.6,4,2,3,3,6,9,10,8.6,7,8,6,5.6,4,2,3,3,6,9,10,8.6,7,8,6,5.6,4,2,3,3,6,9,10,65,65,65,616.6,616.6,616.6,135.65,37.36,108.06,31.49,23.82,27.98,3.33,1.29,3.81,147.69,58.55,94.92,406395,125.21,138.69,71.13,46.65,14.73,17.14,0.97,4.7,10.18,19.84,68.07,17.14,135.65,37.36,108.06,31.49,23.82,27.98,3.33,1.29,3.81,147.69,58.55,94.92,406395,125.21,138.69,71.13,46.65,14.73,17.14,0.96,4.7,10.18,19.84,68.07,17.14,135.65,37.36,108.06,31.49,23.82,27.98,3.33,1.29,3.81,147.69,58.55,94.92,406395,125.21,138.69,71.13,46.65,14.73,17.14,0.97,4.7,10.18,19.84,68.07,17.14,2.72,5.87,6.79,11.45,13.73,18.68,21.59,22.7,16.86,10.22,7.22,0.04,406395,-0.68,4.09,6.73,7.38,13.96,18.4,23.5,23.79,17.8,10.56,5.84,1.51,2.72,5.87,6.79,11.45,13.73,18.68,21.59,22.7,16.86,10.22,7.22,0.04,406395,-0.68,4.09,6.73,7.38,13.96,18.4,23.5,23.79,17.8,10.56,5.84,1.51,2.72,5.87,6.79,11.45,13.73,18.68,21.59,22.7,16.86,10.22,7.22,0.04,406395,-0.68,4.09,6.73,7.38,13.96,18.4,23.5,23.79,17.8,10.56,5.84,1.51,498,498,498
3917230,19.17,19.17,19.17,2.91,2.91,2.91,431.09,431.09,431.09,10.94,10.94,10.94,9,9,9,71.24,71.24,71.24,2,2,2,4,4,4,2.36,2.36,2.36,23.66,23.66,23.66,117.45,117.45,117.45,140.06,140.06,140.06,275.21,275.21,275.21,65.03,65.03,65.03,8,6,7,6,5,4,2,2,3,5.03,8,9,8,6,7,6,5,4,2,2,3,5.03,8,9,8,6,7,6,5,4,2,2,3,5.03,8,9,64.76,64.76,64.76,663.9,663.9,663.9,97.42,27.22,80.2,24.12,14,25.28,3.57,1.01,1.37,112.08,35.01,60.46,406396,83.2,99.58,43.45,27.16,8.09,14.49,1.05,5.31,6.91,12.64,47.76,11.42,97.42,27.22,80.2,24.12,14,25.28,3.56,1.01,1.37,112.08,35.01,60.46,406396,83.2,99.58,43.45,27.16,8.09,14.49,1.05,5.31,6.91,12.64,47.76,11.42,97.42,27.22,80.2,24.12,14,25.28,3.57,1.01,1.37,112.08,35.01,60.46,406396,83.2,99.58,43.45,27.16,8.09,14.49,1.05,5.31,6.91,12.64,47.76,11.42,2.96,5.9,7.28,11.65,14.16,19.13,22.3,23.24,17.13,10.54,7.42,0.22,406396,-0.81,4.51,7.13,7.72,14.32,18.95,24.12,24.22,18.23,10.65,6.05,0.83,2.96,5.9,7.28,11.65,14.16,19.13,22.3,23.24,17.13,10.54,7.42,0.22,406396,-0.81,4.51,7.13,7.72,14.32,18.95,24.12,24.22,18.23,10.65,6.05,0.83,2.96,5.9,7.28,11.65,14.16,19.13,22.3,23.24,17.13,10.54,7.42,0.22,406396,-0.81,4.51,7.13,7.72,14.32,18.95,24.12,24.22,18.23,10.65,6.05,0.83,463,463,463
3917244,19.16,15.63,15.52,2.88,2.17,0,431.55,676.84,757.86,10.71,8.23,0,9.13,10.48,10.55,73.01,107.75,114.28,2,2,2,4,9.33,9.67,2.37,2.37,2.37,23.71,39.94,40.21,200.91,188.89,231.13,142.18,159.85,158.73,273.7,262.56,263.06,65.57,77.48,78.04,9.14,8.1,9.33,6.98,5.87,4.43,2,2.73,2.93,5.66,9.91,10.42,8,6,7,6,5,4,2,2,3,5.45,8,9.13,9.24,8.39,9.48,7.09,5.92,4.33,2,2.62,2.81,5.58,10.09,10.48,64.72,64.63,64.72,658.72,553.86,557.45,171.3,46.67,153.22,41.16,32.57,33.33,2.7,1.02,2.94,189.93,82.85,117.14,406398,173.62,173.53,94.97,105.26,17.73,24.37,1.54,5.44,9.01,20.83,93.71,16.42,98.09,28.01,83.68,25.17,14.22,25.36,3.25,1.29,1.52,112.47,34.7,61.73,406398,83.93,102.29,45.25,28.4,8.29,14.45,1.18,5.11,7.51,12.9,46.99,11.81,202.9,51.53,182.99,43.67,36.64,35.31,2.11,0.75,2.46,207.02,97.95,125.61,406398,213.04,194.98,110.77,126.84,16.79,25.28,1.54,5.7,8.73,19.43,112.3,14.7,1.09,4.84,4.72,9.65,11.71,16.67,19.85,21.42,15.71,8.63,5.81,-0.89,406398,-1.11,2.49,5.05,5.33,12.28,16.46,22.09,22.4,16.52,9.72,4.31,1.77,2.91,5.99,7.29,11.68,14.16,19.14,22.32,23.28,17.16,10.51,7.41,0.22,406398,-0.83,4.52,7.15,7.74,14.33,18.96,24.11,24.24,18.22,10.68,6.02,0.85,1.05,4.8,4.64,9.55,11.61,16.58,19.69,21.26,15.62,8.53,5.74,-0.86,406398,-1.09,2.43,4.98,5.24,12.25,16.34,21.9,22.23,16.37,9.68,4.27,1.83,451,494,510
3917250,15.3,15.3,15.3,2.64,2.64,2.64,572.74,572.74,572.74,8.02,8.02,8.02,10.98,10.98,10.98,107.19,107.19,107.19,2,2,2,10.48,10.48,10.48,2.36,2.36,2.36,42.68,42.68,42.68,112.17,112.17,112.17,161.73,161.73,161.73,262.53,262.53,262.53,80.63,80.63,80.63,9.34,8.24,9.86,7,6.05,4.86,2,3,3.05,6.16,9.98,11.1,9.34,8.24,9.86,7,6.05,4.86,2,3,3.05,6.16,9.98,11.1,9.34,8.24,9.86,7,6.05,4.86,2,3,3.05,6.16,9.98,11.1,65,65,65,543.5,543.5,543.5,131.63,39.73,113.15,37.42,30.71,33.81,3.74,1.28,4.45,168.07,67.79,107.12,406399,120.5,147.86,75.74,73.78,20.28,21.89,1.18,4.91,10.72,23.58,78.76,18.69,131.63,39.73,113.15,37.42,30.71,33.81,3.74,1.28,4.45,168.07,67.79,107.12,406399,120.5,147.86,75.74,73.78,20.28,21.89,1.18,4.91,10.72,23.58,78.76,18.69,131.63,39.73,113.15,37.42,30.71,33.81,3.74,1.28,4.45,168.07,67.79,107.12,406399,120.5,147.86,75.74,73.78,20.28,21.89,1.18,4.91,10.72,23.58,78.76,18.69,0.97,4.89,4.54,9.67,11.65,16.61,19.74,21.51,15.77,8.61,5.76,-0.92,406399,-0.98,2.4,4.98,5.26,12.18,16.45,22.13,22.52,16.64,9.88,4.16,2.04,0.97,4.89,4.54,9.67,11.65,16.61,19.74,21.51,15.77,8.6,5.76,-0.92,406399,-0.98,2.4,4.98,5.26,12.18,16.45,22.13,22.52,16.64,9.88,4.16,2.04,0.97,4.89,4.54,9.67,11.65,16.61,19.74,21.51,15.77,8.61,5.76,-0.92,406399,-0.98,2.4,4.98,5.26,12.18,16.45,22.13,22.52,16.64,9.88,4.16,2.04,465,465,465
3917256,18.37,14.52,14.52,2.58,1.97,1.97,582.91,578.54,578.54,9.61,7.61,7.61,10,11.23,11.23,87.03,112.22,112.22,2,2,2,6.91,10.95,10.95,2.36,2.36,2.36,31.75,41.09,41.09,80.09,161.33,161.33,151.27,164.41,164.41,267.06,261.31,261.31,73.64,82.22,82.22,9.6,8.59,9.83,7.11,6.21,4.82,2,2.99,3.22,6.38,10.16,11.33,8,7.81,8.81,6.81,5.81,4,2,2.81,3,5.81,8.81,10,9.6,8.59,9.83,7.11,6.21,4.82,2,2.99,3.22,6.38,10.16,11.33,65,64.73,64.73,613.38,529.48,529.48,136.68,42.45,121.48,41.14,34.15,36.21,3.92,1.44,4.38,179,78.37,119.57,406402,126.44,158.39,82.2,88.62,22.62,24.6,1.28,4.96,11.33,25.57,87.86,20.43,135.65,37.36,108.06,31.49,23.82,27.98,3.33,1.29,3.81,147.69,58.55,94.92,406402,125.21,138.69,71.13,46.65,14.73,17.14,0.96,4.7,10.18,19.84,68.07,17.14,136.68,42.45,121.48,41.14,34.15,36.21,3.92,1.44,4.38,179,78.37,119.57,406402,126.44,158.39,82.2,88.62,22.62,24.6,1.28,4.96,11.33,25.57,87.86,20.43,0.36,4.25,3.71,8.89,10.83,15.79,18.99,20.83,15.07,7.89,5.11,-1.42,406402,-1.49,1.72,4.22,4.43,11.39,15.62,21.42,21.81,15.94,9.25,3.48,1.84,2.72,5.87,6.79,11.45,13.73,18.68,21.59,22.7,16.86,10.22,7.22,0.04,406402,-0.68,4.09,6.73,7.38,13.96,18.4,23.5,23.79,17.8,10.56,5.84,1.51,0.36,4.25,3.71,8.89,10.83,15.79,18.99,20.83,15.07,7.89,5.11,-1.42,406402,-1.49,1.72,4.22,4.43,11.39,15.62,21.42,21.81,15.94,9.25,3.48,1.84,495,460,460
3917268,18.54,14.69,14.69,2.59,2,2,559.87,577.78,577.78,9.84,7.7,7.7,10,11.18,11.18,83.66,111.05,111.05,2,2,2,6,10.75,10.75,2.35,2.35,2.35,32,40.72,40.72,201.87,162.99,162.99,149,163.78,163.78,267.34,261.56,261.56,69.16,81.68,81.68,9.53,8.53,9.76,7.07,6.17,4.78,2,2.95,3.21,6.33,10.08,11.28,8,7.17,8.17,6.17,5.17,4,2,2.17,3,5.17,8.17,10,9.53,8.53,9.76,7.07,6.17,4.78,2,2.95,3.21,6.33,10.08,11.28,65,64.74,64.74,615.79,533.01,533.01,136.63,42.25,120.93,40.74,33.73,35.87,3.89,1.43,4.36,177.72,77.56,118.56,406406,126.39,157.58,81.75,86.9,22.29,24.29,1.27,4.95,11.28,25.34,87.05,20.29,135.65,37.36,108.06,31.49,23.82,27.98,3.33,1.29,3.81,147.69,58.55,94.92,406406,125.21,138.69,71.13,46.65,14.73,17.14,0.96,4.7,10.18,19.84,68.07,17.14,136.63,42.25,120.93,40.74,33.73,35.87,3.89,1.43,4.36,177.72,77.56,118.56,406406,126.39,157.58,81.75,86.9,22.29,24.29,1.27,4.95,11.28,25.34,87.05,20.29,0.46,4.31,3.84,9,10.95,15.9,19.09,20.9,15.14,7.98,5.19,-1.36,406406,-1.46,1.82,4.32,4.55,11.5,15.73,21.5,21.89,16.02,9.3,3.57,1.83,2.72,5.87,6.79,11.45,13.73,18.68,21.59,22.7,16.86,10.22,7.22,0.04,406406,-0.68,4.09,6.73,7.38,13.96,18.4,23.5,23.79,17.8,10.56,5.84,1.51,0.46,4.31,3.84,9,10.95,15.9,19.09,20.9,15.14,7.98,5.19,-1.36,406406,-1.46,1.82,4.32,4.55,11.5,15.73,21.5,21.89,16.02,9.3,3.57,1.83,500,462,462
3917272,16.72,13.68,13.68,2.87,1.58,1.58,560.16,580.84,580.84,8.54,7.16,7.16,10.64,11.5,11.5,99.91,117.74,117.74,2,2,2,9.13,11.67,11.67,2.36,2.36,2.36,41.32,41.45,41.45,55.86,195.19,195.19,158.14,167.31,167.31,264.24,260.02,260.02,79.82,84.04,84.04,9.92,8.86,9.93,7.19,6.34,4.89,2,3,3.33,6.56,10.41,11.6,8.84,8.57,9.67,7.43,6,4.67,2,3,3,6.14,9.67,10.81,9.92,8.86,9.93,7.19,6.34,4.89,2,3,3.33,6.56,10.41,11.6,65,64.56,64.56,556.91,512.43,512.43,139.26,44.4,127.18,44.12,37.08,38.37,4.08,1.54,4.41,188.15,85.94,128.64,406408,129.48,165.91,86.7,100.97,24.72,26.82,1.37,5.02,11.77,27.24,94.71,21.68,130.89,37.99,108.55,34.32,27.08,31.11,3.61,1.22,4.29,157.33,60.54,98.05,406408,119.49,141.18,72.03,61.57,17.53,19.46,1.06,4.84,10.28,21.88,72.08,17.39,139.26,44.4,127.18,44.12,37.08,38.37,4.08,1.54,4.41,188.15,85.94,128.64,406408,129.48,165.91,86.7,100.97,24.72,26.82,1.37,5.02,11.77,27.24,94.71,21.68,-0.22,3.73,2.93,8.2,10.08,15.03,18.3,20.26,14.51,7.25,4.53,-1.84,406408,-1.83,1.11,3.53,3.66,10.7,14.88,20.82,21.22,15.38,8.78,2.86,1.79,1.72,5.54,5.56,10.54,12.6,17.57,20.62,22.22,16.48,9.41,6.5,-0.38,406408,-0.56,3.2,5.87,6.23,13.05,17.39,22.89,23.25,17.35,10.44,4.97,2.04,-0.22,3.73,2.93,8.2,10.08,15.03,18.3,20.26,14.51,7.25,4.53,-1.84,406408,-1.83,1.11,3.53,3.66,10.7,14.88,20.82,21.22,15.38,8.78,2.86,1.79,479,454,454
3917274,18.14,18.14,18.14,2.69,2.69,2.69,594.55,594.55,594.55,9.64,9.64,9.64,10,10,10,90.44,90.44,90.44,2,2,2,7.17,7.17,7.17,2.36,2.36,2.36,32,32,32,149.74,149.74,149.74,151.93,151.93,151.93,266.41,266.41,266.41,75.59,75.59,75.59,8.59,8,9,7,6,4,2,3,3,6,9,10,8.59,8,9,7,6,4,2,3,3,6,9,10,8.59,8,9,7,6,4,2,3,3,6,9,10,65,65,65,613,613,613,135.65,37.36,108.06,31.49,23.82,27.98,3.33,1.29,3.81,147.69,58.55,94.92,406409,125.21,138.69,71.13,46.65,14.73,17.14,0.97,4.7,10.18,19.84,68.07,17.14,135.65,37.36,108.06,31.49,23.82,27.98,3.33,1.29,3.81,147.69,58.55,94.92,406409,125.21,138.69,71.13,46.65,14.73,17.14,0.96,4.7,10.18,19.84,68.07,17.14,135.65,37.36,108.06,31.49,23.82,27.98,3.33,1.29,3.81,147.69,58.55,94.92,406409,125.21,138.69,71.13,46.65,14.73,17.14,0.97,4.7,10.18,19.84,68.07,17.14,2.72,5.87,6.79,11.45,13.73,18.68,21.59,22.7,16.86,10.22,7.22,0.04,406409,-0.68,4.09,6.73,7.38,13.96,18.4,23.5,23.79,17.8,10.56,5.84,1.51,2.72,5.87,6.79,11.45,13.73,18.68,21.59,22.7,16.86,10.22,7.22,0.04,406409,-0.68,4.09,6.73,7.38,13.96,18.4,23.5,23.79,17.8,10.56,5.84,1.51,2.72,5.87,6.79,11.45,13.73,18.68,21.59,22.7,16.86,10.22,7.22,0.04,406409,-0.68,4.09,6.73,7.38,13.96,18.4,23.5,23.79,17.8,10.56,5.84,1.51,486,486,486
3917276,15.83,13.93,13.93,3.77,2.56,2.56,535.52,545.07,545.07,8.28,7.3,7.3,11.08,11.69,11.69,107.43,122.24,122.24,2,2,2,11.04,12.28,12.28,2.36,2.36,2.36,43.58,42.3,42.3,105.52,254.49,254.49,159.57,165.34,165.34,263.76,261.5,261.5,83.12,84.66,84.66,9.11,9,10.7,7.89,6,5,2,3,3,6.44,10.71,11.81,9.02,9,10.36,7.98,6,5,2,3,3,6.02,10.36,11.38,9.11,9,10.7,7.89,6,5,2,3,3,6.44,10.71,11.81,64.88,63.98,63.98,546.61,517.46,517.46,125.77,38.83,112.75,37.59,33.54,38.31,4.29,2.34,3.58,164.89,74.52,108.7,406410,114.13,136.05,74.96,81.25,18.32,24.62,1.11,4.87,9.96,19.49,86.37,17.05,122.94,37.34,106.8,34.17,26.34,32.04,3.45,1.67,3.64,147.53,58.79,93.76,406410,109.33,130.21,70.55,57.49,15.4,19.39,1.03,4.92,9.56,18.09,69.68,16.34,125.77,38.83,112.75,37.59,33.54,38.31,4.29,2.34,3.58,164.89,74.52,108.7,406410,114.13,136.05,74.96,81.25,18.32,24.62,1.11,4.87,9.96,19.49,86.37,17.05,-0.27,3.88,2.91,8.21,10.06,14.99,18.33,20.33,14.62,7.21,4.57,-1.78,406410,-1.65,1.1,3.52,3.56,10.73,14.87,20.9,21.31,15.48,8.88,2.81,2.02,1.3,5.38,4.94,10.08,12.11,17.08,20.27,22.09,16.43,9.01,6.25,-0.63,406410,-0.41,2.67,5.36,5.61,12.71,16.94,22.72,23.14,17.29,10.39,4.54,2.28,-0.27,3.88,2.91,8.21,10.06,14.99,18.33,20.33,14.62,7.21,4.57,-1.78,406410,-1.65,1.1,3.52,3.56,10.73,14.87,20.9,21.31,15.48,8.88,2.81,2.02,491,470,470
3917278,17.54,14.61,14.61,2.9,2.62,2.62,571.13,549.98,549.98,9.11,7.64,7.64,10.01,11.38,11.38,95.04,117.11,117.11,2,2,2,8.01,11.48,11.48,2.36,2.36,2.36,36.83,41.27,41.27,34.02,212.92,212.92,154.05,163.21,163.21,265.98,262.34,262.34,76.61,83.14,83.14,9.07,8.83,10.4,7.75,6,4.83,2,3,3,6.36,10.41,11.49,8.92,8.11,9.12,7.11,6,4.11,2,3,3,6,9.14,10.12,9.07,8.83,10.4,7.75,6,4.83,2,3,3,6.36,10.41,11.49,65,64.17,64.17,575.79,528.46,528.46,126.09,38.54,111.66,36.77,32.02,36.85,4.12,2.17,3.62,161.77,71.45,105.87,406411,114.3,135.59,74.13,76.22,17.75,23.48,1.09,4.87,9.93,19.41,83.1,16.96,127.49,37.29,106.95,33.26,25.46,30.56,3.43,1.48,3.8,148.38,58.23,93.7,406411,115.02,133.64,70.53,54.59,15.32,18.56,1,4.85,9.78,19.05,69.04,16.56,126.09,38.54,111.66,36.77,32.02,36.85,4.12,2.17,3.62,161.77,71.45,105.87,406411,114.3,135.59,74.13,76.22,17.75,23.48,1.09,4.87,9.93,19.41,83.1,16.96,0.13,4.21,3.42,8.67,10.57,15.5,18.79,20.71,15,7.64,4.96,-1.51,406411,-1.42,1.5,3.97,4.08,11.19,15.37,21.3,21.71,15.86,9.2,3.24,2.03,1.82,5.63,5.64,10.62,12.72,17.69,20.78,22.36,16.65,9.49,6.63,-0.34,406411,-0.43,3.22,5.92,6.29,13.19,17.51,23.05,23.42,17.53,10.54,5.05,2.07,0.13,4.21,3.42,8.67,10.57,15.5,18.79,20.71,15,7.64,4.96,-1.51,406411,-1.42,1.5,3.97,4.08,11.19,15.37,21.3,21.71,15.86,9.2,3.24,2.03,450,467,467
3917280,18.49,15.66,15.66,2.61,2.65,2.65,571.26,559.42,559.42,9.85,8.25,8.25,10,10.97,10.97,83.86,108.04,108.04,2,2,2,5.93,9.97,9.97,2.36,2.36,2.36,32,38.6,38.6,230.13,193.4,193.4,148.88,159.31,159.31,267.16,263.7,263.7,70.03,79.88,79.88,8.87,8.43,9.83,7.36,5.84,4.59,2,2.98,3,6.09,9.84,11.06,8.02,7.24,8.24,6.24,5.24,4,2,2.6,3,5.24,8.24,10,8.87,8.43,9.83,7.36,5.84,4.59,2,2.98,3,6.09,9.84,11.06,65,64.4,64.4,616.25,552.23,552.23,129,38.63,112.03,36.1,30.08,34.59,3.83,1.99,3.58,158.69,69.39,103.48,406412,117.35,136.51,73.91,70.32,16.77,21.83,1.06,4.88,9.87,19.03,80.12,17.04,135.91,37.57,108.76,31.87,24,28.08,3.3,1.32,3.77,148.22,59.36,95.32,406412,125.4,138.85,71.45,47.82,14.68,17.2,0.97,4.72,10.13,19.64,68.72,17.17,129,38.63,112.03,36.1,30.08,34.59,3.83,1.99,3.58,158.69,69.39,103.48,406412,117.35,136.51,73.91,70.32,16.77,21.83,1.06,4.88,9.87,19.03,80.12,17.04,0.83,4.7,4.36,9.45,11.45,16.39,19.57,21.27,15.55,8.35,5.61,-1.05,406412,-1.16,2.22,4.75,4.99,11.97,16.22,21.91,22.3,16.42,9.62,3.97,1.94,2.72,5.88,6.8,11.46,13.74,18.68,21.59,22.7,16.87,10.22,7.23,0.05,406412,-0.66,4.1,6.74,7.39,13.97,18.41,23.5,23.79,17.81,10.57,5.85,1.53,0.83,4.7,4.36,9.45,11.45,16.39,19.57,21.27,15.55,8.35,5.61,-1.05,406412,-1.16,2.22,4.75,4.99,11.97,16.22,21.91,22.3,16.42,9.62,3.97,1.94,496,479,479
3917282,17.85,15.1,15.1,2.85,2.65,2.65,588.25,555.77,555.77,9.52,7.92,7.92,10,11.17,11.17,89.13,112.95,112.95,2,2,2,6.93,10.8,10.8,2.36,2.36,2.36,32.26,39.92,39.92,105.97,197.43,197.43,151.33,161.44,161.44,266.53,262.97,262.97,74.87,81.91,81.91,9.03,8.68,10.17,7.61,5.98,4.71,2,3,3,6.28,10.18,11.27,8.83,7.83,8.83,6.83,5.83,4,2,3,3,5.83,8.87,10,9.03,8.68,10.17,7.61,5.98,4.71,2,3,3,6.28,10.18,11.27,65,64.29,64.29,600.98,539.42,539.42,127.29,38.57,111.78,36.46,31.06,35.77,3.97,2.09,3.59,160.1,70.35,104.59,406413,115.5,135.83,73.99,73.3,17.25,22.67,1.08,4.88,9.89,19.17,81.56,16.98,133.97,38.86,112.83,34.9,25.72,29.75,3.1,1.62,3.42,150.79,64.54,97.48,406413,122.14,137.1,73.35,57.44,14.38,18.14,0.98,4.93,9.62,17.66,73.14,17.12,127.29,38.57,111.78,36.46,31.06,35.77,3.97,2.09,3.59,160.1,70.35,104.59,406413,115.5,135.83,73.99,73.3,17.25,22.67,1.08,4.88,9.89,19.17,81.56,16.98,0.46,4.45,3.86,9.04,10.98,15.92,19.16,20.99,15.27,7.98,5.27,-1.29,406413,-1.29,1.84,4.34,4.51,11.57,15.77,21.6,22,16.14,9.41,3.58,2,2.31,5.83,6.33,11.14,13.33,18.28,21.26,22.53,16.83,9.88,7.02,-0.05,406413,-0.49,3.75,6.43,6.94,13.67,18.05,23.27,23.63,17.71,10.6,5.56,1.86,0.46,4.45,3.86,9.04,10.98,15.92,19.16,20.99,15.27,7.98,5.27,-1.29,406413,-1.29,1.84,4.34,4.51,11.57,15.77,21.6,22,16.14,9.41,3.58,2,481,469,469
3917284,18.5,15.41,15.41,2.58,2.65,2.65,587.51,558.69,558.69,9.86,8.1,8.1,9.93,11.06,11.06,83.7,110.26,110.26,2,2,2,5.9,10.35,10.35,2.36,2.36,2.36,32,39.19,39.19,118.38,190.15,190.15,148.8,160.28,160.28,267.2,263.36,263.36,69.64,80.78,80.78,8.95,8.54,9.98,7.47,5.89,4.64,2,3,3,6.17,9.99,11.15,8.09,7.09,8.09,6.09,5.09,4,2,3,3,5.09,8.09,10,8.95,8.54,9.98,7.47,5.89,4.64,2,3,3,6.17,9.99,11.15,64.93,64.35,64.35,613.93,546.28,546.28,128.32,38.67,112.15,36.38,30.57,35.15,3.88,2.04,3.57,159.49,70.08,104.11,406414,116.59,136.26,74.05,72.03,16.97,22.22,1.07,4.88,9.86,19.03,80.98,17.02,138.51,39.66,115.75,35.65,25.81,29.03,2.97,1.58,3.37,153.48,67.44,99.37,406414,127.35,140.48,74.72,59.52,14.18,17.8,0.97,4.97,9.63,17.63,75.26,17.47,128.32,38.67,112.15,36.38,30.57,35.15,3.88,2.04,3.57,159.49,70.08,104.11,406414,116.59,136.26,74.05,72.03,16.97,22.22,1.07,4.88,9.86,19.03,80.98,17.02,0.66,4.59,4.14,9.27,11.24,16.18,19.39,21.14,15.43,8.18,5.46,-1.15,406414,-1.21,2.05,4.57,4.78,11.79,16.02,21.77,22.17,16.3,9.53,3.8,1.97,2.67,6.03,6.86,11.55,13.79,18.73,21.63,22.7,17.01,10.21,7.32,0.2,406414,-0.47,4.17,6.85,7.44,14.04,18.47,23.48,23.82,17.88,10.72,5.95,1.75,0.66,4.59,4.14,9.27,11.24,16.18,19.39,21.14,15.43,8.18,5.46,-1.15,406414,-1.21,2.05,4.57,4.78,11.79,16.02,21.77,22.17,16.3,9.53,3.8,1.97,546,476,476
3917286,18.62,18.62,18.62,2.71,2.71,2.71,558.06,558.06,558.06,10.19,10.19,10.19,9.86,9.86,9.86,81.27,81.27,81.27,2,2,2,5.09,5.09,5.09,2.35,2.35,2.35,32,32,32,229.31,229.31,229.31,147.18,147.18,147.18,268.82,268.82,268.82,69,69,69,8,7,8,6,5,4,2,3,3,5,8,10,8,7,8,6,5,4,2,3,3,5,8,10,8,7,8,6,5,4,2,3,3,5,8,10,64.86,64.86,64.86,627,627,627,138.53,39.67,115.79,35.68,25.82,29.04,2.96,1.59,3.37,153.51,67.49,99.4,406415,127.36,140.49,74.74,59.6,14.18,17.8,0.97,4.97,9.63,17.62,75.31,17.47,138.53,39.67,115.79,35.68,25.82,29.04,2.96,1.59,3.37,153.51,67.49,99.4,406415,127.36,140.49,74.74,59.6,14.18,17.8,0.97,4.97,9.63,17.62,75.31,17.47,138.53,39.67,115.79,35.68,25.82,29.04,2.96,1.59,3.37,153.51,67.49,99.4,406415,127.36,140.49,74.74,59.6,14.18,17.8,0.97,4.97,9.63,17.62,75.31,17.47,2.67,6.03,6.86,11.55,13.79,18.73,21.63,22.7,17.01,10.21,7.32,0.2,406415,-0.47,4.17,6.85,7.44,14.04,18.47,23.48,23.82,17.88,10.72,5.95,1.75,2.67,6.03,6.86,11.55,13.79,18.73,21.63,22.7,17.01,10.21,7.32,0.2,406415,-0.47,4.17,6.85,7.44,14.04,18.47,23.48,23.82,17.88,10.72,5.95,1.75,2.67,6.03,6.86,11.55,13.79,18.73,21.63,22.7,17.01,10.21,7.32,0.2,406415,-0.47,4.17,6.85,7.44,14.04,18.47,23.48,23.82,17.88,10.72,5.95,1.75,573,573,573
3917912,14.58,13.11,13.11,1.8,1.1,1.1,606.52,624.02,624.02,6.82,6.04,6.04,11.53,11.02,11.02,111.02,104.13,104.13,2,2,2,10.81,11.25,11.25,2.36,2.36,2.36,37.51,38.16,38.16,407.92,426.17,426.17,170.22,177.51,177.51,258.56,254.38,254.38,83.36,80.51,80.51,9.48,8.31,9.42,6.71,6.1,5,2,3,3.25,5.88,10.46,10.9,10,8.59,10.2,7.2,6.2,5,2,3,3,6,10.59,11.59,9.48,8.31,9.42,6.71,6.1,5,2,3,3.25,5.88,10.46,10.9,65,64.19,64.19,504.25,475.87,475.87,145.92,52.92,137.96,51.39,33.37,30.05,3.79,1.13,4.61,222.46,96.61,150.81,406496,140.89,190.74,99.4,104.36,32.8,33.6,2.15,4.67,15.07,40.44,102.26,30.17,137.16,43.02,118.52,41.73,29.79,30.19,3.71,0.92,5.58,191.53,76.13,119.41,406496,130.08,159.57,81.99,77.55,25.88,23.65,2.02,4.83,11.22,30.35,87.36,23.25,145.92,52.92,137.96,51.39,33.37,30.05,3.79,1.13,4.61,222.46,96.61,150.81,406496,140.89,190.74,99.4,104.36,32.8,33.6,2.15,4.67,15.07,40.44,102.26,30.17,-0.32,3.81,2.92,8.2,9.95,14.9,18.44,20.58,14.77,7.46,4.56,-1.91,406496,-1.79,1.08,3.58,3.61,10.71,14.81,21.07,21.49,15.55,8.93,2.9,1.85,0.47,4.71,4.2,9.5,11.36,16.28,19.56,21.62,15.86,8.45,5.52,-1.21,406496,-1.19,2.05,4.74,5.01,12.03,16.18,22.1,22.58,16.69,9.86,3.84,2.27,-0.32,3.81,2.92,8.2,9.95,14.9,18.44,20.58,14.77,7.46,4.56,-1.91,406496,-1.79,1.08,3.58,3.61,10.71,14.81,21.07,21.49,15.55,8.93,2.9,1.85,487,482,482
3917914,13.72,13.53,13.53,1.66,1.46,1.46,586.96,596.5,596.5,6.95,6.8,6.8,9.37,9.47,9.47,79.74,81.24,81.24,2,2,2,10.99,10.99,10.99,2.33,2.33,2.33,36.72,36.9,36.9,377.14,378.54,378.54,175.74,176.39,176.39,253.9,253.69,253.69,71.2,71.41,71.41,8.04,7.04,8.04,5.77,6,5,2,3,3,5.04,9.1,9.4,8.02,7.02,8.02,5.73,6,5,2,3,3,5.02,9.03,9.37,8.04,7.04,8.04,5.77,6,5,2,3,3,5.04,9.1,9.4,61.24,61.44,61.44,501.45,498.31,498.31,140.03,49.59,130.34,45.65,29.44,28.69,3.58,1.13,4.22,210.93,77.49,136.37,406497,133.91,168.2,93.74,98.2,30.66,37.45,2.22,4.2,17.61,36.14,85.63,25.14,136.78,47.35,127.08,44.07,29.08,29.01,3.61,1.13,4.25,205.47,72.59,131.4,406497,129.57,159.97,90.56,96.4,29.82,36.84,2.22,4.21,17.61,33.95,81.82,23.3,140.03,49.59,130.34,45.65,29.44,28.69,3.58,1.13,4.22,210.93,77.49,136.37,406497,133.91,168.2,93.74,98.2,30.66,37.45,2.22,4.2,17.61,36.14,85.63,25.14,0.24,4.57,3.76,8.93,10.57,15.53,19.29,21.4,15.55,8.26,5.1,-1.46,406497,-1.37,1.87,4.48,4.33,11.34,15.43,21.74,22.18,16.16,9.55,3.58,2.11,0.38,4.75,3.97,9.12,10.76,15.72,19.49,21.6,15.75,8.44,5.26,-1.35,406497,-1.24,2.05,4.7,4.53,11.52,15.61,21.9,22.36,16.34,9.7,3.73,2.19,0.24,4.57,3.76,8.93,10.57,15.53,19.29,21.4,15.55,8.26,5.1,-1.46,406497,-1.37,1.87,4.48,4.33,11.34,15.43,21.74,22.18,16.16,9.55,3.58,2.11,455,456,456
3917916,13.37,13.23,13.23,1.56,1.57,1.57,594.65,589.07,589.07,6.13,6.42,6.42,10.6,10.1,10.1,100.21,92.68,92.68,2,2,2,10.84,10.84,10.84,2.36,2.36,2.36,38.58,37.77,37.77,472.43,415.51,415.51,176.95,176.81,176.81,254.86,254.15,254.15,77.45,76.03,76.03,8.71,7.65,8.72,6.4,6.15,5,2,3,3.06,5.56,9.73,10.04,8.95,7.95,8.95,6.37,6.21,5,2,3,3,5.74,9.95,10.32,8.71,7.65,8.72,6.4,6.15,5,2,3,3.06,5.56,9.73,10.04,64.16,63.3,63.3,480.3,486.89,486.89,137.39,47.39,130.42,45.92,32.79,33.22,3.85,1.27,4.14,209.48,81.81,135.33,406498,128.78,167.68,91.29,104.74,28.52,33.87,2.07,4.68,15,33.19,90.04,23.73,136.01,46.48,128.86,45.71,32.23,32.3,3.86,1.16,4.18,215,82.28,133.06,406498,127.28,166.81,89.37,102.3,27.9,31.87,2.16,4.76,14.19,33.02,90.9,23.09,137.39,47.39,130.42,45.92,32.79,33.22,3.85,1.27,4.14,209.48,81.81,135.33,406498,128.78,167.68,91.29,104.74,28.52,33.87,2.07,4.68,15,33.19,90.04,23.73,-0.19,4.03,3.12,8.36,10.08,15.02,18.68,20.8,14.97,7.64,4.69,-1.84,406498,-1.67,1.28,3.83,3.74,10.84,14.92,21.26,21.67,15.69,9.07,3.05,1.92,0.03,4.29,3.51,8.69,10.41,15.34,18.89,21.03,15.16,7.85,4.92,-1.61,406498,-1.49,1.59,4.22,4.13,11.18,15.25,21.5,21.93,15.9,9.3,3.29,2.12,-0.19,4.03,3.12,8.36,10.08,15.02,18.68,20.8,14.97,7.64,4.69,-1.84,406498,-1.67,1.28,3.83,3.74,10.84,14.92,21.26,21.67,15.69,9.07,3.05,1.92,484,468,468
3917918,17.07,13.9,13.9,2.73,1.51,1.51,599.76,621,621,8.67,6.62,6.62,10.46,10.99,10.99,93.17,102.33,102.33,2,2,2,8.35,10.69,10.69,2.36,2.36,2.36,35.25,37.48,37.48,106.45,347,347,157.29,172.77,172.77,263.81,256.79,256.79,79.04,80.91,80.91,9.48,8.37,9.58,6.88,6.1,4.98,2,3,3.18,5.93,10.46,10.95,9.31,8.09,9.45,7,6,4.74,2,3,3,6,10.04,10.4,9.48,8.37,9.58,6.88,6.1,4.98,2,3,3.18,5.93,10.46,10.95,65,64.44,64.44,575.32,496.07,496.07,144.54,49.56,131.73,47.51,31.93,30.05,3.83,1.06,4.85,208.05,88.94,138.38,406499,139.52,180.25,93.58,93.92,29.79,29.8,1.92,4.73,13.73,36.41,96.2,27.39,141.18,38.3,112.23,33.84,26.1,30.13,3.95,0.91,4.86,159.84,63.18,98.02,406499,136.23,144.44,74.31,60.48,18.35,18.65,1.05,4.9,10.03,22.4,74.21,17.82,144.54,49.56,131.73,47.51,31.93,30.05,3.83,1.06,4.85,208.05,88.94,138.38,406499,139.52,180.25,93.58,93.92,29.79,29.8,1.92,4.73,13.73,36.41,96.2,27.39,0.14,4.21,3.55,8.8,10.62,15.56,18.98,21.01,15.21,7.95,5.02,-1.56,406499,-1.52,1.57,4.12,4.27,11.3,15.45,21.55,21.95,16.02,9.31,3.38,1.95,1.96,5.57,5.94,10.86,12.98,17.91,20.9,22.29,16.54,9.69,6.68,-0.24,406499,-0.68,3.42,6.09,6.65,13.35,17.69,23.12,23.36,17.43,10.49,5.25,2.09,0.14,4.21,3.55,8.8,10.62,15.56,18.98,21.01,15.21,7.95,5.02,-1.56,406499,-1.52,1.57,4.12,4.27,11.3,15.45,21.55,21.95,16.02,9.31,3.38,1.95,510,486,486
3917920,18.24,17.47,17.47,2.95,2.86,2.86,559.81,615.35,615.35,9.76,9.24,9.24,10.06,10.53,10.53,83.5,86.13,86.13,2,2,2,6.19,7.04,7.04,2.36,2.36,2.36,28.11,29.85,29.85,6.14,6.84,6.84,150.31,152.79,152.79,266.81,266.18,266.18,77.24,79.07,79.07,9,8.23,9.23,7,6,4.86,2,3,3,6,9.98,10.78,9,8,9,7,6,4.46,2,3,3,6,9.67,10.12,9,8.23,9.23,7,6,4.86,2,3,3,6,9.98,10.78,65,65,65,615.08,599.44,599.44,143.46,38.6,109.5,32.64,24.96,28.23,4.02,0.83,5.31,154.91,63.25,95.7,406500,141.47,145.19,73.26,50.71,18.19,17.49,0.87,4.62,10.27,22.46,72.25,17.79,139.32,36.36,105.84,30.47,24.22,28.84,4.01,0.85,4.68,152.08,59.99,94.94,406500,135.19,137.7,68.97,46.96,16.71,17.33,0.98,4.89,9.84,20.69,69.47,17.44,143.46,38.6,109.5,32.64,24.96,28.23,4.02,0.83,5.31,154.91,63.25,95.7,406500,141.47,145.19,73.26,50.71,18.19,17.49,0.87,4.62,10.27,22.46,72.25,17.79,2.36,5.9,6.52,11.35,13.57,18.46,21.37,22.68,16.89,10.08,7.08,0.08,406500,-0.48,3.91,6.59,7.21,13.81,18.24,23.52,23.73,17.81,10.79,5.66,2.03,2.58,5.88,6.69,11.42,13.69,18.62,21.54,22.67,16.91,10.21,7.17,0.1,406500,-0.55,3.99,6.66,7.36,13.9,18.37,23.6,23.74,17.86,10.74,5.84,1.89,2.36,5.9,6.52,11.35,13.57,18.46,21.37,22.68,16.89,10.08,7.08,0.08,406500,-0.48,3.91,6.59,7.21,13.81,18.24,23.52,23.73,17.81,10.79,5.66,2.03,508,513,513
3917922,18,18,18,3.01,3.01,3.01,564.31,564.31,564.31,9.92,9.92,9.92,10,10,10,82.45,82.45,82.45,2,2,2,5.8,5.8,5.8,2.35,2.35,2.35,28.64,28.64,28.64,7.02,7.02,7.02,148.96,148.96,148.96,268.05,268.05,268.05,75.6,75.6,75.6,8.97,7.51,8.51,6.51,5.97,4.97,2,2.97,3,6,9.08,10.11,8.97,7.51,8.51,6.51,5.97,4.97,2,2.97,3,6,9.08,10.11,8.97,7.51,8.51,6.51,5.97,4.97,2,2.97,3,6,9.08,10.11,64.8,64.8,64.8,617.02,617.02,617.02,125.13,33.2,95.31,27.73,20.77,27.82,3.81,1.1,3.33,139.1,54.26,87.4,406501,118.3,127.05,60.76,38.01,13.43,17.11,1.26,4.37,9.18,17.73,63.8,15.91,125.13,33.2,95.31,27.73,20.77,27.82,3.81,1.1,3.33,139.1,54.26,87.4,406501,118.3,127.05,60.76,38.01,13.43,17.11,1.26,4.37,9.18,17.73,63.8,15.91,125.13,33.2,95.31,27.73,20.77,27.82,3.81,1.1,3.33,139.1,54.26,87.4,406501,118.3,127.05,60.76,38.01,13.43,17.11,1.26,4.37,9.18,17.73,63.8,15.91,2.76,5.91,6.86,11.48,13.85,18.8,21.74,22.77,17.04,10.38,7.29,0.21,406501,-0.54,4.15,6.79,7.48,13.9,18.55,23.71,23.82,18.08,10.84,5.97,1.64,2.76,5.91,6.86,11.48,13.85,18.8,21.74,22.77,17.04,10.38,7.29,0.21,406501,-0.54,4.15,6.79,7.48,13.9,18.55,23.71,23.82,18.08,10.84,5.97,1.64,2.76,5.91,6.86,11.48,13.85,18.8,21.74,22.77,17.04,10.38,7.29,0.21,406501,-0.54,4.15,6.79,7.48,13.9,18.55,23.71,23.82,18.08,10.84,5.97,1.64,496,496,496
3917946,19.19,15.71,15.58,2.98,2.19,0,467.94,672.05,753.04,11.17,8.29,0,9.01,10.45,10.53,72.58,106.96,113.6,2,2,2,4.49,9.22,9.58,2.36,2.36,2.36,23.11,39.57,39.93,157,188.02,229.81,138.74,159.39,158.41,276.68,262.87,263.28,65.42,77.21,77.83,9.12,8.06,9.28,6.96,5.85,4.42,2,2.71,2.93,5.65,9.86,10.39,8,6.15,7.26,6,5,4,2,2.02,3,5,8,9,9.22,8.35,9.44,7.07,5.91,4.33,2,2.61,2.81,5.57,10.06,10.45,64.21,64.62,64.72,681.77,556.64,559.42,169.74,46.28,151.68,40.81,32.17,33.16,2.71,1.02,2.91,188.24,81.8,115.94,406511,171.7,172.09,93.82,103.53,17.52,24.13,1.51,5.45,8.96,20.63,92.7,16.32,102.09,29.37,84.84,25.94,14.52,25.51,3.11,0.99,1.61,114.27,36.2,63.78,406511,87.9,110.63,43.05,27.64,8.16,13.62,0.36,5.74,6.83,11.84,48.52,11.91,201.25,51.17,181.38,43.38,36.27,35.15,2.13,0.76,2.45,205.51,96.94,124.6,406511,210.99,193.58,109.67,125.23,16.65,25.09,1.52,5.7,8.7,19.31,111.26,14.65,1.13,4.87,4.78,9.7,11.77,16.73,19.91,21.47,15.75,8.67,5.85,-0.86,406511,-1.1,2.54,5.1,5.38,12.34,16.52,22.14,22.44,16.56,9.74,4.35,1.75,3,6.08,7.5,12.07,14.48,19.41,22.42,23.53,17.43,10.63,7.54,0.43,406511,-0.49,4.72,7.42,8.03,14.79,19.28,24.34,24.55,18.48,10.95,6.15,0.99,1.08,4.82,4.69,9.59,11.66,16.63,19.73,21.29,15.65,8.56,5.77,-0.84,406511,-1.08,2.46,5.01,5.29,12.29,16.39,21.94,22.27,16.41,9.7,4.3,1.81,450,494,509
3917948,18.72,14.48,14.48,2.81,1.71,0,495.21,614.27,614.27,10.17,7.06,0,9.99,10.88,10.88,80.41,99.66,99.66,2,2,2,5.23,10.05,10.05,2.35,2.35,2.35,27.75,36.26,36.26,169.98,301.32,301.32,147.44,169.56,169.56,269.55,258.32,258.32,68.98,80.24,80.24,9.39,8.27,9.45,6.85,6.07,4.95,2,2.99,3.16,5.94,10.3,10.87,8.01,6.6,7.6,6.01,5.01,4.01,2,2.58,3,5.59,8.58,10,9.39,8.27,9.45,6.85,6.07,4.95,2,2.99,3.16,5.94,10.3,10.87,64.23,64.49,64.49,633.19,512.74,512.74,142.66,47.53,127.36,44.99,30.52,29.72,3.83,1.06,4.73,198.87,84.35,131.4,406512,137.55,173.57,89.58,86.61,27.68,27.98,1.8,4.69,13.13,33.97,91.91,25.84,114.37,32.86,95.02,28.48,17.59,26.11,3.07,1.51,2.22,126.01,45.82,78.38,406512,101.02,119.73,57.78,34.78,10.84,15.94,1.24,4.27,8.71,15.41,55.94,14.76,142.66,47.53,127.36,44.99,30.52,29.72,3.83,1.06,4.73,198.87,84.35,131.4,406512,137.55,173.57,89.58,86.61,27.68,27.98,1.8,4.69,13.13,33.97,91.91,25.84,0.49,4.45,4.01,9.18,11.06,16.01,19.36,21.26,15.46,8.28,5.34,-1.32,406512,-1.38,1.93,4.5,4.72,11.67,15.87,21.85,22.22,16.29,9.52,3.74,1.92,2.82,5.89,7.05,11.5,13.91,18.87,21.95,22.91,16.92,10.3,7.32,0.07,406512,-0.89,4.3,6.93,7.54,13.95,18.61,23.74,23.89,17.91,10.52,5.92,1.16,0.49,4.45,4.01,9.18,11.06,16.01,19.36,21.26,15.46,8.28,5.34,-1.32,406512,-1.38,1.93,4.5,4.72,11.67,15.87,21.85,22.22,16.29,9.52,3.74,1.92,436,487,487
3917950,19.07,15.57,15.47,2.82,2.16,0,445.2,681.23,762.07,10.63,8.18,0,9.01,10.51,10.57,75.3,108.37,114.81,2,2,2,4.53,9.42,9.74,2.36,2.36,2.36,25,40.23,40.42,224.3,188.68,231.52,143.73,160.17,158.95,272.31,262.36,262.92,65.17,77.7,78.2,9.16,8.14,9.37,7,5.88,4.43,2,2.74,2.93,5.67,9.94,10.44,8,6,7,6,5,4,2,2,3,5.03,8,9.14,9.26,8.42,9.51,7.1,5.93,4.34,2,2.63,2.81,5.58,10.12,10.5,64.03,64.63,64.72,648.34,551.98,556.14,172.61,47.01,154.46,41.44,32.9,33.48,2.69,1.01,2.96,191.32,83.71,118.14,406513,175.23,174.81,95.86,106.64,17.9,24.55,1.54,5.45,9.04,20.97,94.55,16.5,104.95,30.18,88.08,26.84,15.79,25.44,3.02,1.61,1.81,117.71,38.76,69.02,406513,90.73,108.53,50.6,32.08,9.48,15.23,1.34,4.56,7.62,14.29,50,13.07,204.26,51.84,184.27,43.91,36.92,35.44,2.1,0.75,2.48,208.24,98.77,126.44,406513,214.7,196.18,111.61,128.11,16.9,25.42,1.54,5.7,8.75,19.51,113.14,14.73,1.06,4.82,4.67,9.61,11.67,16.63,19.81,21.39,15.68,8.59,5.78,-0.91,406513,-1.11,2.45,5.01,5.28,12.24,16.41,22.06,22.36,16.49,9.7,4.28,1.79,2.88,5.97,7.2,11.6,14.06,19.03,22.19,23.15,17.07,10.42,7.39,0.15,406513,-0.88,4.45,7.06,7.68,14.13,18.78,23.93,24.08,18.1,10.61,5.99,0.98,1.03,4.78,4.61,9.52,11.58,16.55,19.65,21.23,15.6,8.5,5.71,-0.87,406513,-1.09,2.4,4.95,5.21,12.22,16.31,21.87,22.21,16.35,9.67,4.25,1.84,475,495,510
3917956,12.2,12.2,12.2,0.95,0.95,0.95,590.86,590.86,590.86,6.49,6.49,6.49,11.91,11.91,11.91,126.39,126.39,126.39,2,2,2,12.9,12.9,12.9,2.36,2.36,2.36,41.52,41.52,41.52,262.73,262.73,262.73,171.76,171.76,171.76,257.97,257.97,257.97,86.08,86.08,86.08,10.44,9,10.06,7.08,6.5,5,2,3,3.49,6.76,10.77,11.99,10.44,9,10.06,7.08,6.5,5,2,3,3.49,6.76,10.77,11.99,10.44,9,10.06,7.08,6.5,5,2,3,3.49,6.76,10.77,11.99,64.35,64.35,64.35,490.87,490.87,490.87,143.32,47.51,136.21,48.87,41.94,41.9,4.3,1.69,4.47,203.09,98.25,143.47,406516,134.33,177.9,93.81,120.07,28.2,30.39,1.52,5.11,12.49,29.84,105.67,23.76,143.32,47.51,136.21,48.87,41.94,41.9,4.3,1.69,4.47,203.09,98.25,143.47,406516,134.33,177.9,93.81,120.07,28.2,30.39,1.52,5.11,12.49,29.84,105.67,23.76,143.32,47.51,136.21,48.87,41.94,41.9,4.3,1.69,4.47,203.09,98.25,143.47,406516,134.33,177.9,93.81,120.07,28.2,30.39,1.52,5.11,12.49,29.84,105.67,23.76,-1.17,2.86,1.66,7.06,8.86,13.8,17.17,19.32,13.56,6.21,3.58,-2.54,406516,-2.45,0.09,2.4,2.41,9.56,13.66,19.82,20.23,14.42,7.98,1.84,1.66,-1.17,2.86,1.66,7.06,8.86,13.8,17.17,19.32,13.56,6.21,3.58,-2.54,406516,-2.45,0.09,2.4,2.41,9.56,13.66,19.82,20.23,14.42,7.98,1.84,1.66,-1.17,2.86,1.66,7.06,8.86,13.8,17.17,19.32,13.56,6.21,3.58,-2.54,406516,-2.45,0.09,2.4,2.41,9.56,13.66,19.82,20.23,14.42,7.98,1.84,1.66,442,442,442
3917958,13.57,13.57,13.57,2.48,2.48,2.48,534.64,534.64,534.64,6.7,6.7,6.7,11.98,11.98,11.98,129.78,129.78,129.78,2,2,2,12.84,12.84,12.84,2.36,2.36,2.36,42.79,42.79,42.79,289.16,289.16,289.16,169.35,169.35,169.35,259.63,259.63,259.63,85.14,85.14,85.14,9.34,9,10.61,7.66,6,5,2,3,3,6.94,10.62,11.96,9.34,9,10.61,7.66,6,5,2,3,3,6.94,10.62,11.96,9.34,9,10.61,7.66,6,5,2,3,3,6.94,10.62,11.96,63.71,63.71,63.71,508.49,508.49,508.49,128.5,40.3,117.16,40.15,37.41,41.11,4.58,2.45,3.77,176.81,82.75,118.24,406517,117.93,143.3,78.43,94.33,20.93,27.23,1.21,4.88,10.44,21.47,94.56,18.16,128.5,40.3,117.16,40.15,37.41,41.11,4.58,2.45,3.77,176.81,82.75,118.24,406517,117.93,143.3,78.43,94.33,20.93,27.23,1.21,4.88,10.44,21.47,94.56,18.16,128.5,40.3,117.16,40.15,37.41,41.11,4.58,2.45,3.77,176.81,82.75,118.24,406517,117.93,143.3,78.43,94.33,20.93,27.23,1.21,4.88,10.44,21.47,94.56,18.16,-0.97,3.18,1.98,7.38,9.15,14.06,17.45,19.54,13.79,6.41,3.81,-2.31,406517,-2.23,0.39,2.69,2.67,9.84,13.94,20.07,20.49,14.66,8.21,2.04,1.89,-0.97,3.18,1.98,7.38,9.15,14.06,17.45,19.54,13.79,6.41,3.81,-2.31,406517,-2.23,0.39,2.69,2.67,9.84,13.94,20.07,20.49,14.66,8.21,2.04,1.89,-0.97,3.18,1.98,7.38,9.15,14.06,17.45,19.54,13.79,6.41,3.81,-2.31,406517,-2.23,0.39,2.69,2.67,9.84,13.94,20.07,20.49,14.66,8.21,2.04,1.89,467,467,467
3917960,12.99,12.99,12.99,1.87,1.87,1.87,557.16,557.16,557.16,7.06,7.06,7.06,11.89,11.89,11.89,126.67,126.67,126.67,2,2,2,12.7,12.7,12.7,2.36,2.36,2.36,41.22,41.22,41.22,323.95,323.95,323.95,166.42,166.42,166.42,261.25,261.25,261.25,85.3,85.3,85.3,9.02,9,10.96,7.98,6,5,2,3,3,6.4,10.97,11.97,9.02,9,10.96,7.98,6,5,2,3,3,6.4,10.97,11.97,9.02,9,10.96,7.98,6,5,2,3,3,6.4,10.97,11.97,63.59,63.59,63.59,505.2,505.2,505.2,125.83,38.85,113.7,38.13,35.57,40.42,4.61,2.68,3.43,168.22,79.09,112,406518,114.74,135.2,75.55,87.77,18.51,26.23,1.11,4.84,9.91,19.15,91.55,16.8,125.83,38.85,113.7,38.13,35.57,40.42,4.61,2.68,3.43,168.22,79.09,112,406518,114.74,135.2,75.55,87.77,18.51,26.23,1.11,4.84,9.91,19.15,91.55,16.8,125.83,38.85,113.7,38.13,35.57,40.42,4.61,2.68,3.43,168.22,79.09,112,406518,114.74,135.2,75.55,87.77,18.51,26.23,1.11,4.84,9.91,19.15,91.55,16.8,-0.79,3.38,2.23,7.59,9.38,14.29,17.68,19.74,14.01,6.6,4.01,-2.16,406518,-2.06,0.58,2.91,2.86,10.06,14.17,20.29,20.7,14.87,8.38,2.23,1.93,-0.79,3.38,2.23,7.59,9.38,14.29,17.68,19.74,14.01,6.6,4.01,-2.16,406518,-2.06,0.58,2.91,2.86,10.06,14.17,20.29,20.7,14.87,8.38,2.23,1.93,-0.79,3.38,2.23,7.59,9.38,14.29,17.68,19.74,14.01,6.6,4.01,-2.16,406518,-2.06,0.58,2.91,2.86,10.06,14.17,20.29,20.7,14.87,8.38,2.23,1.93,460,460,460
948010089,18.5,18.04,18.04,3.02,3.01,0,520.06,560.36,560.36,9.94,9.92,0,10,10,10,82.14,82.42,82.42,2,2,2,5.76,5.8,5.8,2.35,2.35,2.35,28,28.58,28.58,10.71,7.35,7.35,149.14,148.98,148.98,267.86,268.03,268.03,77,75.73,75.73,8.97,7.55,8.55,6.55,5.97,4.97,2,2.97,3,6,9.07,10.1,9,8,9,7,6,5,2,3,3,6,9,10,8.97,7.55,8.55,6.55,5.97,4.97,2,2.97,3,6,9.07,10.1,64.76,64.8,64.8,625.56,617.78,617.78,125.05,33.18,95.28,27.72,20.74,27.83,3.81,1.1,3.32,139.03,54.2,87.33,2695742,118.17,127.01,60.73,37.95,13.4,17.1,1.27,4.37,9.18,17.71,63.74,15.89,124.19,33,95,27.63,20.5,27.87,3.77,1.15,3.17,138.24,53.61,86.69,2695742,116.82,126.57,60.4,37.33,13.12,17.05,1.33,4.38,9.12,17.43,63.19,15.78,125.05,33.18,95.28,27.72,20.74,27.83,3.81,1.1,3.32,139.03,54.2,87.33,2695742,118.17,127.01,60.73,37.95,13.4,17.1,1.27,4.37,9.18,17.71,63.74,15.89,2.76,5.91,6.87,11.48,13.85,18.81,21.74,22.77,17.04,10.38,7.3,0.21,2695742,-0.54,4.15,6.79,7.48,13.9,18.55,23.71,23.82,18.08,10.84,5.97,1.64,2.79,5.91,6.88,11.48,13.86,18.82,21.76,22.76,17.04,10.39,7.3,0.22,2695742,-0.55,4.16,6.8,7.49,13.9,18.57,23.72,23.82,18.08,10.83,5.99,1.6,2.76,5.91,6.87,11.48,13.85,18.81,21.74,22.77,17.04,10.38,7.3,0.21,2695742,-0.54,4.15,6.79,7.48,13.9,18.55,23.71,23.82,18.08,10.84,5.97,1.64,415,488,488
