"COMID","COMID_WY","WaYr","ppt_Jan.wy","ppt_Feb.wy","ppt_Mar.wy","ppt_Apr.wy","ppt_May.wy","ppt_Jun.wy","ppt_Jul.wy","ppt_Aug.wy","ppt_Sep.wy","ppt_Oct.wy","ppt_Nov.wy","ppt_Dec.wy","ppt_Jan.pwy","ppt_Feb.pwy","ppt_Mar.pwy","ppt_Apr.pwy","ppt_May.pwy","ppt_Jun.pwy","ppt_Jul.pwy","ppt_Aug.pwy","ppt_Sep.pwy","tav_Jan.wy","tav_Feb.wy","tav_Mar.wy","tav_Apr.wy","tav_May.wy","tav_Jun.wy","tav_Jul.wy","tav_Aug.wy","tav_Sep.wy","tav_Oct.wy","tav_Nov.wy","tav_Dec.wy","tav_Jan.pwy","tav_Feb.pwy","tav_Mar.pwy","tav_Apr.pwy","tav_May.pwy","tav_Jun.pwy","tav_Jul.pwy","tav_Aug.pwy","tav_Sep.pwy","run_Jan.wy","run_Feb.wy","run_Mar.wy","run_Apr.wy","run_May.wy","run_Jun.wy","run_Jul.wy","run_Aug.wy","run_Sep.wy","run_Oct.wy","run_Nov.wy","run_Dec.wy","run_Jan.pwy","run_Feb.pwy","run_Mar.pwy","run_Apr.pwy","run_May.pwy","run_Jun.pwy","run_Jul.pwy","run_Aug.pwy","run_Sep.pwy","ppt_ann.wy","ppt_fall.wy","ppt_wint.wy","ppt_sprg.wy","ppt_summ.wy","ppt_ann.pwy","ppt_wint.pwy","ppt_sprg.pwy","ppt_summ.pwy","ppt_sum1","ppt_sum2","ppt_sum3","ppt_sum4","run_ann.wy","run_fall.wy","run_wint.wy","run_sprg.wy","run_summ.wy","run_ann.pwy","run_wint.pwy","run_sprg.pwy","run_summ.pwy","run_sum1","run_sum2","run_sum3","run_sum4","tav_ann.wy","tav_fall.wy","tav_wint.wy","tav_sprg.wy","tav_summ.wy","tav_ann.pwy","tav_wint.pwy","tav_sprg.pwy","tav_summ.pwy","tav_sum1","tav_sum2","tav_sum3","tav_sum4","DRAIN_SQKM","SLOPE_PCT_30M","ELEV_MEAN_M_BASIN_30M","ELEV_MIN_M_BASIN_30M","ELEV_MAX_M_BASIN_30M","ElvRng","ECO3","HLR1","HLR2","HLR3","HLR4","HLR5","HLR6","HLR7","HLR8","HLR9","HLR10","HLR11","HLR12","HLR13","HLR14","HLR15","HLR16","HLR17","HLR18","HLR19","HLR20","PPTAVG_CAT","PPTAVG_BASIN","T_AVG_CAT","T_AVG_BASIN","T_MIN_BASIN","T_MAX_BASIN","CAT_AnnMinPrecip","AnnMinPrecip","CAT_AnnMaxPrecip","AnnMaxPrecip","WD_JAN_BASIN","WD_FEB_BASIN","WD_MAR_BASIN","WD_APR_BASIN","WD_MAY_BASIN","WD_JUN_BASIN","WD_JUL_BASIN","WD_AUG_BASIN","WD_SEP_BASIN","WD_OCT_BASIN","WD_NOV_BASIN","WD_DEC_BASIN","ANN_CONS_WETDAYS","WD_BASIN","WDMIN_BASIN","WDMAX_BASIN","ET_CAT","ET","PET_CAT","PET","RH_CAT","RH_BASIN","SNOW_PCT_PRECIP","FST32F_BASIN","LST32F_BASIN","CONTACT","BFI_AVE","TOPWET","PERDUN","RFACT","PERHOR","DEPTH_WATTAB","SILTAVE","CLAYAVE","SANDAVE","HGA","HGAC","HGAD","HGB","HGBC","HGBD","HGC","HGCD","HGD","HGVAR","KFACT_UP","NO10AVE","NO200AVE","NO4AVE","OMAVE","PERMAVE","ROCKDEPAVE","BDAVE","AWCAVE","WTDEPAVE","gneiss","granitic","ultramafic","quarternary","sedimentary","volcanic","water","anorthositic","intermediate","SGEO1","SGEO2","SGEO3","SGEO4","SGEO5","SGEO6","SGEO7","SGEO8","SGEO9","SGEO10","SGEO11","SGEO12","SGEO13","SGEO14","SGEO15","SGEO16","SGEO17","SGEO18","SGEO19","SGEO20","SGEO21","SGEO22","SGEO23","SGEO24","SGEO25","SGEO26","SGEO27","SGEO28","SGEO29","SGEO30","SGEO31","SGEO32","SGEO33","SGEO34","SGEO35","SGEO36","SGEO37","SGEO38","SGEO39","SGEO40","SGEO41","SGEO42","SGEO43","SGEO44","SGEO45","KO_pct","CaO_pct","FeO_pct","MgO_pct","P_pct","S_pct","SiO_pct","UCS","Lperm","RECHARGE","pmpe","BDMAX","PMAX_WS","TMIN_WS","PERMH_WS","PMIN_WS","KRUG_RUNOFF"
3917950,"3917950_1950",1950,164.76,67.09,83.86,57.08,15.71,45.49,0.41,4.94,38.76,16.04,58.33,38.3,19.11,91.93,128.27,9.84,71.63,14.41,0.66,0.52,12.11,-3.41,1.62,2.18,5.74,10.48,13.07,18.92,18.04,14.48,6.94,5.54,-0.68,-6.09,-0.99,2.07,7.99,10.84,14,17.89,16.04,14.79,3.19,21.2,44.5,51.42,34.28,26.04,15.75,11.18,10.11,6.47,7.97,3.76,2.44,10.18,48.89,48.57,49.76,30.06,19.03,12.45,9.29,590.77,112.67,315.71,118.28,44.11,348.48,239.31,95.88,13.29,939.25,604.06,686.65,830.08,235.87,18.2,68.89,111.74,37.04,230.67,61.51,128.39,40.77,466.54,276.64,364.26,297.38,92.92,11.8,0.39,29.29,51.44,76.54,-5.01,32.83,48.72,169.46,141.64,125.75,87.91,939.4407,17.03,1393.46,795.33,3745.13,2949.8,4,0,0,0,0,2.21,0,0,0,0,3.04,0,17.4,1.46,3.57,21.08,17.88,20.12,3.3,1.7,7.47,44.5,76.2,10.63,8.34,2.17,15.47,4.53,9.74,75.3,114.81,9.26,8.42,9.51,7.1,5.93,4.34,2,2.63,2.81,5.58,10.12,10.5,2.36,78.2,2,10.57,47.54,51.04,648.34,556.14,64.03,64.72,40.42,262.92,158.95,164.27,73.68,10.78,1.86,43.279,0.33,-22.23,37.02,18.44,44.54,21.72,0,0,38.03,0,0,19.01,0,23.35,0,0.19,65.88,37.28,71.95,1.24,4.72,47.32,1.2,0.13,5.64,0,0,8.04,0,0,91.96,0,0,0,0,0,0,0,0,0,0,11.26,0,0,0,0,0,0,0,0,0,0,0,0,0,0,0,0,0,0,0,0,0,0,0,0,0,0,0,0,0,0,0,0,0,0,71.8,0,16.94,1.77,5.41,9.46,4.6,0.22,0.03,55.4,110.44,13.59,148.79,205.86,1.3,122.56,-3.91,7.02,12.71,87.6747
3917950,"3917950_1951",1951,123.76,106.5,23.78,51.29,57.87,0.52,0.77,9.9,3.22,322.76,91.98,131.02,164.76,67.09,83.86,57.08,15.71,45.49,0.41,4.94,38.76,-0.63,1.6,2.01,8.13,9.86,15.03,17.71,17.21,15.75,8.53,4.32,2.95,-3.41,1.62,2.18,5.74,10.48,13.07,18.92,18.04,14.48,77.84,77.62,46.7,39.71,31.92,17.79,11.91,9.59,7.06,100.48,77.92,92.41,3.19,21.2,44.5,51.42,34.28,26.04,15.75,11.18,10.11,923.37,545.76,254.04,109.68,13.89,478.1,315.71,118.28,44.11,1401.47,967.48,1041.65,1239.08,590.95,270.81,202.16,89.42,28.56,217.67,68.89,111.74,37.04,808.62,627.99,702.69,659.84,102.47,15.8,2.98,33.02,50.67,81.12,0.39,29.29,51.44,183.59,153.91,131.76,102.86,939.4407,17.03,1393.46,795.33,3745.13,2949.8,4,0,0,0,0,2.21,0,0,0,0,3.04,0,17.4,1.46,3.57,21.08,17.88,20.12,3.3,1.7,7.47,44.5,76.2,10.63,8.34,2.17,15.47,4.53,9.74,75.3,114.81,9.26,8.42,9.51,7.1,5.93,4.34,2,2.63,2.81,5.58,10.12,10.5,2.36,78.2,2,10.57,47.54,51.04,648.34,556.14,64.03,64.72,40.42,262.92,158.95,164.27,73.68,10.78,1.86,43.279,0.33,-22.23,37.02,18.44,44.54,21.72,0,0,38.03,0,0,19.01,0,23.35,0,0.19,65.88,37.28,71.95,1.24,4.72,47.32,1.2,0.13,5.64,0,0,8.04,0,0,91.96,0,0,0,0,0,0,0,0,0,0,11.26,0,0,0,0,0,0,0,0,0,0,0,0,0,0,0,0,0,0,0,0,0,0,0,0,0,0,0,0,0,0,0,0,0,0,71.8,0,16.94,1.77,5.41,9.46,4.6,0.22,0.03,55.4,110.44,13.59,148.79,205.86,1.3,122.56,-3.91,7.02,12.71,87.6747
3917950,"3917950_1952",1952,175.16,79.17,89.92,28.97,47.71,65.25,20.67,4.66,10.84,68.75,177.43,238.04,123.76,106.5,23.78,51.29,57.87,0.52,0.77,9.9,3.22,-2.44,0.96,0.9,6.96,10.52,11.75,19.3,16.88,16.06,7.55,2.72,-1.72,-0.63,1.6,2.01,8.13,9.86,15.03,17.71,17.21,15.75,38.58,59.18,63.67,73.42,75.59,62.93,45.26,29.35,19.32,8.9,36.14,43.65,77.84,77.62,46.7,39.71,31.92,17.79,11.91,9.59,7.06,1006.57,484.22,344.25,141.93,36.17,377.61,254.04,109.68,13.89,1384.18,1020.46,1116.25,1260.61,555.99,88.69,161.43,211.94,93.93,320.14,202.16,89.42,28.56,876.13,584.55,645.41,758.15,89.44,8.55,-0.58,29.23,52.24,86.67,2.98,33.02,50.67,176.11,140.11,122.46,92.42,939.4407,17.03,1393.46,795.33,3745.13,2949.8,4,0,0,0,0,2.21,0,0,0,0,3.04,0,17.4,1.46,3.57,21.08,17.88,20.12,3.3,1.7,7.47,44.5,76.2,10.63,8.34,2.17,15.47,4.53,9.74,75.3,114.81,9.26,8.42,9.51,7.1,5.93,4.34,2,2.63,2.81,5.58,10.12,10.5,2.36,78.2,2,10.57,47.54,51.04,648.34,556.14,64.03,64.72,40.42,262.92,158.95,164.27,73.68,10.78,1.86,43.279,0.33,-22.23,37.02,18.44,44.54,21.72,0,0,38.03,0,0,19.01,0,23.35,0,0.19,65.88,37.28,71.95,1.24,4.72,47.32,1.2,0.13,5.64,0,0,8.04,0,0,91.96,0,0,0,0,0,0,0,0,0,0,11.26,0,0,0,0,0,0,0,0,0,0,0,0,0,0,0,0,0,0,0,0,0,0,0,0,0,0,0,0,0,0,0,0,0,0,71.8,0,16.94,1.77,5.41,9.46,4.6,0.22,0.03,55.4,110.44,13.59,148.79,205.86,1.3,122.56,-3.91,7.02,12.71,87.6747
3917950,"3917950_1953",1953,178.47,31.05,111.79,43.3,96.26,31.44,0.29,10.3,2.95,15.32,67.82,289.71,175.16,79.17,89.92,28.97,47.71,65.25,20.67,4.66,10.84,2.38,2.8,2.36,5.25,6.93,10.57,18.03,16.02,16.12,11.23,0.89,-1.12,-2.44,0.96,0.9,6.96,10.52,11.75,19.3,16.88,16.06,91.97,73.05,77.14,60.69,65.71,43.08,29.29,19.93,13.15,13.13,8.98,24.17,38.58,59.18,63.67,73.42,75.59,62.93,45.26,29.35,19.32,878.7,372.85,321.31,171,13.54,522.35,344.25,141.93,36.17,1401.05,914.87,1020.63,1222.95,520.29,46.28,242.16,169.48,62.37,467.3,161.43,211.94,93.93,987.59,614.22,732.23,681.72,91.46,11,7.54,22.75,50.17,80.89,-0.58,29.23,52.24,172.35,143.7,120.69,90.88,939.4407,17.03,1393.46,795.33,3745.13,2949.8,4,0,0,0,0,2.21,0,0,0,0,3.04,0,17.4,1.46,3.57,21.08,17.88,20.12,3.3,1.7,7.47,44.5,76.2,10.63,8.34,2.17,15.47,4.53,9.74,75.3,114.81,9.26,8.42,9.51,7.1,5.93,4.34,2,2.63,2.81,5.58,10.12,10.5,2.36,78.2,2,10.57,47.54,51.04,648.34,556.14,64.03,64.72,40.42,262.92,158.95,164.27,73.68,10.78,1.86,43.279,0.33,-22.23,37.02,18.44,44.54,21.72,0,0,38.03,0,0,19.01,0,23.35,0,0.19,65.88,37.28,71.95,1.24,4.72,47.32,1.2,0.13,5.64,0,0,8.04,0,0,91.96,0,0,0,0,0,0,0,0,0,0,11.26,0,0,0,0,0,0,0,0,0,0,0,0,0,0,0,0,0,0,0,0,0,0,0,0,0,0,0,0,0,0,0,0,0,0,71.8,0,16.94,1.77,5.41,9.46,4.6,0.22,0.03,55.4,110.44,13.59,148.79,205.86,1.3,122.56,-3.91,7.02,12.71,87.6747
3917950,"3917950_1954",1954,250.86,112.73,75.8,55.18,2.15,44.64,0.58,49.55,6.31,47.52,182.94,56.53,178.47,31.05,111.79,43.3,96.26,31.44,0.29,10.3,2.95,0.33,3.81,2.01,7.08,11.52,11.74,17.51,14.61,12.1,8.02,4.87,1.48,2.38,2.8,2.36,5.25,6.93,10.57,18.03,16.02,16.12,82.7,97.91,71.38,58.62,36.01,26.06,16.11,14.71,8.77,11.67,46.47,35.87,91.97,73.05,77.14,60.69,65.71,43.08,29.29,19.93,13.15,884.79,286.99,439.39,101.97,56.44,505.85,321.31,171,13.54,1390.64,898.33,1055.79,1206.1,506.28,94.01,251.99,120.69,39.59,474.01,242.16,169.48,62.37,980.29,568.65,675.76,748.44,95.08,14.37,6.15,30.34,44.22,80.46,7.54,22.75,50.17,175.54,145.25,117.83,102.62,939.4407,17.03,1393.46,795.33,3745.13,2949.8,4,0,0,0,0,2.21,0,0,0,0,3.04,0,17.4,1.46,3.57,21.08,17.88,20.12,3.3,1.7,7.47,44.5,76.2,10.63,8.34,2.17,15.47,4.53,9.74,75.3,114.81,9.26,8.42,9.51,7.1,5.93,4.34,2,2.63,2.81,5.58,10.12,10.5,2.36,78.2,2,10.57,47.54,51.04,648.34,556.14,64.03,64.72,40.42,262.92,158.95,164.27,73.68,10.78,1.86,43.279,0.33,-22.23,37.02,18.44,44.54,21.72,0,0,38.03,0,0,19.01,0,23.35,0,0.19,65.88,37.28,71.95,1.24,4.72,47.32,1.2,0.13,5.64,0,0,8.04,0,0,91.96,0,0,0,0,0,0,0,0,0,0,11.26,0,0,0,0,0,0,0,0,0,0,0,0,0,0,0,0,0,0,0,0,0,0,0,0,0,0,0,0,0,0,0,0,0,0,71.8,0,16.94,1.77,5.41,9.46,4.6,0.22,0.03,55.4,110.44,13.59,148.79,205.86,1.3,122.56,-3.91,7.02,12.71,87.6747
3917950,"3917950_1955",1955,53.8,21.93,29.26,70.3,3.07,6.12,4.5,2.43,21.01,18.24,111.27,117.08,250.86,112.73,75.8,55.18,2.15,44.64,0.58,49.55,6.31,-1.99,0.42,2.15,2.91,9.59,14.07,15.59,17.96,13.98,7.98,4.28,-0.47,0.33,3.81,2.01,7.08,11.52,11.74,17.51,14.61,12.1,18.13,18.57,19.5,27.78,18.84,14.01,10.62,8.58,8.28,7.22,18.49,24.46,82.7,97.91,71.38,58.62,36.01,26.06,16.11,14.71,8.77,459.01,246.59,104.99,79.49,27.94,597.8,439.39,101.97,56.44,1056.81,515.45,560.98,898.4,194.48,50.17,56.2,60.63,27.48,412.27,251.99,120.69,39.59,606.75,234.07,315.17,446.47,86.47,11.79,0.58,26.57,47.53,80.71,6.15,30.34,44.22,167.18,130.69,116.81,92.62,939.4407,17.03,1393.46,795.33,3745.13,2949.8,4,0,0,0,0,2.21,0,0,0,0,3.04,0,17.4,1.46,3.57,21.08,17.88,20.12,3.3,1.7,7.47,44.5,76.2,10.63,8.34,2.17,15.47,4.53,9.74,75.3,114.81,9.26,8.42,9.51,7.1,5.93,4.34,2,2.63,2.81,5.58,10.12,10.5,2.36,78.2,2,10.57,47.54,51.04,648.34,556.14,64.03,64.72,40.42,262.92,158.95,164.27,73.68,10.78,1.86,43.279,0.33,-22.23,37.02,18.44,44.54,21.72,0,0,38.03,0,0,19.01,0,23.35,0,0.19,65.88,37.28,71.95,1.24,4.72,47.32,1.2,0.13,5.64,0,0,8.04,0,0,91.96,0,0,0,0,0,0,0,0,0,0,11.26,0,0,0,0,0,0,0,0,0,0,0,0,0,0,0,0,0,0,0,0,0,0,0,0,0,0,0,0,0,0,0,0,0,0,71.8,0,16.94,1.77,5.41,9.46,4.6,0.22,0.03,55.4,110.44,13.59,148.79,205.86,1.3,122.56,-3.91,7.02,12.71,87.6747
3917950,"3917950_1956",1956,233.77,171.38,13.91,17.49,67.28,27.27,16.14,5.48,12.58,23.03,145.9,340.66,53.8,21.93,29.26,70.3,3.07,6.12,4.5,2.43,21.01,0.88,-0.69,2.78,6.87,10.43,12.85,18.65,16.12,14.28,9.75,2.02,1.12,-1.99,0.42,2.15,2.91,9.59,14.07,15.59,17.96,13.98,120.86,97.09,73.07,66.46,70.23,47.05,34.57,22.27,15.22,7.12,15.58,99.4,18.13,18.57,19.5,27.78,18.84,14.01,10.62,8.58,8.28,1074.89,509.59,419.06,112.04,34.2,212.42,104.99,79.49,27.94,1287.31,1102.83,1154.38,1179.88,668.92,122.1,291.02,183.74,72.06,144.31,56.2,60.63,27.48,813.23,696.4,729.55,725.12,95.06,12.89,2.97,30.15,49.05,74.68,0.58,26.57,47.53,169.74,142.59,121.63,95.64,939.4407,17.03,1393.46,795.33,3745.13,2949.8,4,0,0,0,0,2.21,0,0,0,0,3.04,0,17.4,1.46,3.57,21.08,17.88,20.12,3.3,1.7,7.47,44.5,76.2,10.63,8.34,2.17,15.47,4.53,9.74,75.3,114.81,9.26,8.42,9.51,7.1,5.93,4.34,2,2.63,2.81,5.58,10.12,10.5,2.36,78.2,2,10.57,47.54,51.04,648.34,556.14,64.03,64.72,40.42,262.92,158.95,164.27,73.68,10.78,1.86,43.279,0.33,-22.23,37.02,18.44,44.54,21.72,0,0,38.03,0,0,19.01,0,23.35,0,0.19,65.88,37.28,71.95,1.24,4.72,47.32,1.2,0.13,5.64,0,0,8.04,0,0,91.96,0,0,0,0,0,0,0,0,0,0,11.26,0,0,0,0,0,0,0,0,0,0,0,0,0,0,0,0,0,0,0,0,0,0,0,0,0,0,0,0,0,0,0,0,0,0,71.8,0,16.94,1.77,5.41,9.46,4.6,0.22,0.03,55.4,110.44,13.59,148.79,205.86,1.3,122.56,-3.91,7.02,12.71,87.6747
3917950,"3917950_1957",1957,119.48,161.35,132.61,62.03,94.99,5.41,2.17,2.73,130.39,95.29,10.29,31.58,233.77,171.38,13.91,17.49,67.28,27.27,16.14,5.48,12.58,-3.65,2.7,3.53,5.95,10.17,14.66,16.43,15.2,15.33,7.59,2.63,0.25,0.88,-0.69,2.78,6.87,10.43,12.85,18.65,16.12,14.28,4.23,56.52,86.79,70.85,68.84,37.66,22.12,13.91,22.7,15.96,6.98,6.37,120.86,97.09,73.07,66.46,70.23,47.05,34.57,22.27,15.22,848.32,137.16,413.44,162.43,135.29,565.3,419.06,112.04,34.2,1413.62,882.52,960.36,1267.38,412.93,29.31,147.54,177.35,58.73,546.82,291.02,183.74,72.06,959.75,484.99,596.67,703.95,90.79,10.47,2.58,30.78,46.96,82.17,2.97,30.15,49.05,172.96,139.84,120.94,93.76,939.4407,17.03,1393.46,795.33,3745.13,2949.8,4,0,0,0,0,2.21,0,0,0,0,3.04,0,17.4,1.46,3.57,21.08,17.88,20.12,3.3,1.7,7.47,44.5,76.2,10.63,8.34,2.17,15.47,4.53,9.74,75.3,114.81,9.26,8.42,9.51,7.1,5.93,4.34,2,2.63,2.81,5.58,10.12,10.5,2.36,78.2,2,10.57,47.54,51.04,648.34,556.14,64.03,64.72,40.42,262.92,158.95,164.27,73.68,10.78,1.86,43.279,0.33,-22.23,37.02,18.44,44.54,21.72,0,0,38.03,0,0,19.01,0,23.35,0,0.19,65.88,37.28,71.95,1.24,4.72,47.32,1.2,0.13,5.64,0,0,8.04,0,0,91.96,0,0,0,0,0,0,0,0,0,0,11.26,0,0,0,0,0,0,0,0,0,0,0,0,0,0,0,0,0,0,0,0,0,0,0,0,0,0,0,0,0,0,0,0,0,0,71.8,0,16.94,1.77,5.41,9.46,4.6,0.22,0.03,55.4,110.44,13.59,148.79,205.86,1.3,122.56,-3.91,7.02,12.71,87.6747
3917950,"3917950_1958",1958,149.76,329.36,159.9,98.97,43.43,86.8,47.44,21.6,20.04,136.65,74.46,147.41,119.48,161.35,132.61,62.03,94.99,5.41,2.17,2.73,130.39,0.79,4.33,1,5.07,12.23,13.64,18.73,19.12,14.17,6.63,1.26,1.09,-3.65,2.7,3.53,5.95,10.17,14.66,16.43,15.2,15.33,86.58,181.48,127.99,105.04,73.79,58.9,40.19,25.46,16.5,47.56,41.27,71.27,4.23,56.52,86.79,70.85,68.84,37.66,22.12,13.91,22.7,1315.82,358.52,639.02,229.2,89.08,711.16,413.44,162.43,135.29,2026.98,1451.11,1478.25,1729.26,876.03,160.1,396.05,237.73,82.15,383.62,147.54,177.35,58.73,1259.65,934.76,1053.38,1023.57,98.06,8.98,6.12,30.94,52.02,80.32,2.58,30.78,46.96,178.38,145.02,128.84,100.64,939.4407,17.03,1393.46,795.33,3745.13,2949.8,4,0,0,0,0,2.21,0,0,0,0,3.04,0,17.4,1.46,3.57,21.08,17.88,20.12,3.3,1.7,7.47,44.5,76.2,10.63,8.34,2.17,15.47,4.53,9.74,75.3,114.81,9.26,8.42,9.51,7.1,5.93,4.34,2,2.63,2.81,5.58,10.12,10.5,2.36,78.2,2,10.57,47.54,51.04,648.34,556.14,64.03,64.72,40.42,262.92,158.95,164.27,73.68,10.78,1.86,43.279,0.33,-22.23,37.02,18.44,44.54,21.72,0,0,38.03,0,0,19.01,0,23.35,0,0.19,65.88,37.28,71.95,1.24,4.72,47.32,1.2,0.13,5.64,0,0,8.04,0,0,91.96,0,0,0,0,0,0,0,0,0,0,11.26,0,0,0,0,0,0,0,0,0,0,0,0,0,0,0,0,0,0,0,0,0,0,0,0,0,0,0,0,0,0,0,0,0,0,71.8,0,16.94,1.77,5.41,9.46,4.6,0.22,0.03,55.4,110.44,13.59,148.79,205.86,1.3,122.56,-3.91,7.02,12.71,87.6747
3917950,"3917950_1959",1959,242.1,152.67,42.93,12.29,33.69,13.15,4.58,18.92,33.15,14.65,35.91,58.5,149.76,329.36,159.9,98.97,43.43,86.8,47.44,21.6,20.04,1.67,1.09,3.67,7.56,8.44,14.21,19.43,17.3,12.72,10.41,2.96,3.41,0.79,4.33,1,5.07,12.23,13.64,18.73,19.12,14.17,60.92,68.65,56.56,41.03,30.98,20.98,14.14,11.26,10.1,11.01,7.55,9.19,86.58,181.48,127.99,105.04,73.79,58.9,40.19,25.46,16.5,662.54,109.06,437.7,59.13,56.65,957.3,639.02,229.2,89.08,1619.84,751.62,891.74,1301.56,342.37,27.75,186.13,92.99,35.5,715.93,396.05,237.73,82.15,1058.3,424.52,580.1,738.42,102.87,16.78,6.43,30.21,49.45,89.08,6.12,30.94,52.02,191.95,154.89,133.81,108.99,939.4407,17.03,1393.46,795.33,3745.13,2949.8,4,0,0,0,0,2.21,0,0,0,0,3.04,0,17.4,1.46,3.57,21.08,17.88,20.12,3.3,1.7,7.47,44.5,76.2,10.63,8.34,2.17,15.47,4.53,9.74,75.3,114.81,9.26,8.42,9.51,7.1,5.93,4.34,2,2.63,2.81,5.58,10.12,10.5,2.36,78.2,2,10.57,47.54,51.04,648.34,556.14,64.03,64.72,40.42,262.92,158.95,164.27,73.68,10.78,1.86,43.279,0.33,-22.23,37.02,18.44,44.54,21.72,0,0,38.03,0,0,19.01,0,23.35,0,0.19,65.88,37.28,71.95,1.24,4.72,47.32,1.2,0.13,5.64,0,0,8.04,0,0,91.96,0,0,0,0,0,0,0,0,0,0,11.26,0,0,0,0,0,0,0,0,0,0,0,0,0,0,0,0,0,0,0,0,0,0,0,0,0,0,0,0,0,0,0,0,0,0,71.8,0,16.94,1.77,5.41,9.46,4.6,0.22,0.03,55.4,110.44,13.59,148.79,205.86,1.3,122.56,-3.91,7.02,12.71,87.6747
3917950,"3917950_1960",1960,95.88,194.86,109.36,44.19,59.06,1.36,7.14,0.28,2.33,5.47,3.86,49.38,242.1,152.67,42.93,12.29,33.69,13.15,4.58,18.92,33.15,-0.67,1.57,4.62,5.44,8.39,15.64,19.87,16.68,15.42,9.63,3.35,-0.65,1.67,1.09,3.67,7.56,8.44,14.21,19.43,17.3,12.72,5.11,47.43,70.3,49.36,39.14,23.52,16.3,11,8.46,6.58,4,2.63,60.92,68.65,56.56,41.03,30.98,20.98,14.14,11.26,10.1,573.17,58.71,400.1,104.61,9.75,553.48,437.7,59.13,56.65,1126.65,629.82,632.3,1010.87,283.83,13.21,122.84,112.02,35.76,314.62,186.13,92.99,35.5,598.45,319.33,376.82,469.96,99.29,12.33,5.52,29.47,51.97,86.09,6.43,30.21,49.45,185.38,148.74,129.5,105.72,939.4407,17.03,1393.46,795.33,3745.13,2949.8,4,0,0,0,0,2.21,0,0,0,0,3.04,0,17.4,1.46,3.57,21.08,17.88,20.12,3.3,1.7,7.47,44.5,76.2,10.63,8.34,2.17,15.47,4.53,9.74,75.3,114.81,9.26,8.42,9.51,7.1,5.93,4.34,2,2.63,2.81,5.58,10.12,10.5,2.36,78.2,2,10.57,47.54,51.04,648.34,556.14,64.03,64.72,40.42,262.92,158.95,164.27,73.68,10.78,1.86,43.279,0.33,-22.23,37.02,18.44,44.54,21.72,0,0,38.03,0,0,19.01,0,23.35,0,0.19,65.88,37.28,71.95,1.24,4.72,47.32,1.2,0.13,5.64,0,0,8.04,0,0,91.96,0,0,0,0,0,0,0,0,0,0,11.26,0,0,0,0,0,0,0,0,0,0,0,0,0,0,0,0,0,0,0,0,0,0,0,0,0,0,0,0,0,0,0,0,0,0,71.8,0,16.94,1.77,5.41,9.46,4.6,0.22,0.03,55.4,110.44,13.59,148.79,205.86,1.3,122.56,-3.91,7.02,12.71,87.6747
3917950,"3917950_1961",1961,66.01,132.11,116.8,52.02,65.97,34.16,15.28,13.39,27.88,47.68,180.22,182.98,95.88,194.86,109.36,44.19,59.06,1.36,7.14,0.28,2.33,1.98,3.2,2.4,6,8.79,16.37,18.44,18.48,12.18,9.48,2.51,0.44,-0.67,1.57,4.62,5.44,8.39,15.64,19.87,16.68,15.42,63.5,85.91,80.73,57.63,45.66,30.86,20.12,13.85,10.55,9.56,29.7,62.93,5.11,47.43,70.3,49.36,39.14,23.52,16.3,11,8.46,934.5,410.88,314.92,152.15,56.55,514.46,400.1,104.61,9.75,1448.96,944.25,1039.11,1334.6,511,102.19,230.14,134.15,44.52,270.62,122.84,112.02,35.76,781.62,546.76,623.02,633.84,100.27,12.43,7.58,31.16,49.1,86.96,5.52,29.47,51.97,187.23,152.24,129.74,105.79,939.4407,17.03,1393.46,795.33,3745.13,2949.8,4,0,0,0,0,2.21,0,0,0,0,3.04,0,17.4,1.46,3.57,21.08,17.88,20.12,3.3,1.7,7.47,44.5,76.2,10.63,8.34,2.17,15.47,4.53,9.74,75.3,114.81,9.26,8.42,9.51,7.1,5.93,4.34,2,2.63,2.81,5.58,10.12,10.5,2.36,78.2,2,10.57,47.54,51.04,648.34,556.14,64.03,64.72,40.42,262.92,158.95,164.27,73.68,10.78,1.86,43.279,0.33,-22.23,37.02,18.44,44.54,21.72,0,0,38.03,0,0,19.01,0,23.35,0,0.19,65.88,37.28,71.95,1.24,4.72,47.32,1.2,0.13,5.64,0,0,8.04,0,0,91.96,0,0,0,0,0,0,0,0,0,0,11.26,0,0,0,0,0,0,0,0,0,0,0,0,0,0,0,0,0,0,0,0,0,0,0,0,0,0,0,0,0,0,0,0,0,0,71.8,0,16.94,1.77,5.41,9.46,4.6,0.22,0.03,55.4,110.44,13.59,148.79,205.86,1.3,122.56,-3.91,7.02,12.71,87.6747
3917950,"3917950_1962",1962,50.97,200.28,80.57,19.88,68.62,6.16,1.36,24.47,18.26,51.52,178.88,111.54,66.01,132.11,116.8,52.02,65.97,34.16,15.28,13.39,27.88,-2.37,1.5,1.73,7.86,8.42,13.44,17.29,16.13,15.23,8.88,1.85,-0.72,1.98,3.2,2.4,6,8.79,16.37,18.44,18.48,12.18,27.01,77.61,64.68,53.12,49.57,31.32,21.93,17.07,12.11,9.73,29.81,37.88,63.5,85.91,80.73,57.63,45.66,30.86,20.12,13.85,10.55,812.51,341.94,331.82,94.66,44.09,523.62,314.92,152.15,56.55,1336.13,869.06,964.66,1127.43,431.84,77.42,169.3,134.01,51.11,408.81,230.14,134.15,44.52,840.65,476.36,565.99,661.98,89.24,10.01,0.86,29.72,48.65,87.84,7.58,31.16,49.1,177.08,138.34,120.4,96.82,939.4407,17.03,1393.46,795.33,3745.13,2949.8,4,0,0,0,0,2.21,0,0,0,0,3.04,0,17.4,1.46,3.57,21.08,17.88,20.12,3.3,1.7,7.47,44.5,76.2,10.63,8.34,2.17,15.47,4.53,9.74,75.3,114.81,9.26,8.42,9.51,7.1,5.93,4.34,2,2.63,2.81,5.58,10.12,10.5,2.36,78.2,2,10.57,47.54,51.04,648.34,556.14,64.03,64.72,40.42,262.92,158.95,164.27,73.68,10.78,1.86,43.279,0.33,-22.23,37.02,18.44,44.54,21.72,0,0,38.03,0,0,19.01,0,23.35,0,0.19,65.88,37.28,71.95,1.24,4.72,47.32,1.2,0.13,5.64,0,0,8.04,0,0,91.96,0,0,0,0,0,0,0,0,0,0,11.26,0,0,0,0,0,0,0,0,0,0,0,0,0,0,0,0,0,0,0,0,0,0,0,0,0,0,0,0,0,0,0,0,0,0,71.8,0,16.94,1.77,5.41,9.46,4.6,0.22,0.03,55.4,110.44,13.59,148.79,205.86,1.3,122.56,-3.91,7.02,12.71,87.6747
3917950,"3917950_1963",1963,53.21,137.82,97.28,149.13,62.41,34.1,7.37,4.94,13.51,238.5,103.94,112.41,50.97,200.28,80.57,19.88,68.62,6.16,1.36,24.47,18.26,-0.98,5.87,2.49,2.95,11.09,12.42,15.36,16.25,15.72,8.51,4.08,1.82,-2.37,1.5,1.73,7.86,8.42,13.44,17.29,16.13,15.23,49.84,85.33,70.52,86.11,58.21,33.67,19.57,12.97,10.15,61.9,66.85,76.99,27.01,77.61,64.68,53.12,49.57,31.32,21.93,17.07,12.11,1014.62,454.85,288.31,245.64,25.82,470.57,331.82,94.66,44.09,1485.19,1058.71,1109.28,1346.44,632.11,205.74,205.69,177.99,42.69,354.42,169.3,134.01,51.11,986.53,683.22,766.12,801.41,95.58,14.41,7.38,26.46,47.33,79.23,0.86,29.72,48.65,174.81,144.23,125.3,96.44,939.4407,17.03,1393.46,795.33,3745.13,2949.8,4,0,0,0,0,2.21,0,0,0,0,3.04,0,17.4,1.46,3.57,21.08,17.88,20.12,3.3,1.7,7.47,44.5,76.2,10.63,8.34,2.17,15.47,4.53,9.74,75.3,114.81,9.26,8.42,9.51,7.1,5.93,4.34,2,2.63,2.81,5.58,10.12,10.5,2.36,78.2,2,10.57,47.54,51.04,648.34,556.14,64.03,64.72,40.42,262.92,158.95,164.27,73.68,10.78,1.86,43.279,0.33,-22.23,37.02,18.44,44.54,21.72,0,0,38.03,0,0,19.01,0,23.35,0,0.19,65.88,37.28,71.95,1.24,4.72,47.32,1.2,0.13,5.64,0,0,8.04,0,0,91.96,0,0,0,0,0,0,0,0,0,0,11.26,0,0,0,0,0,0,0,0,0,0,0,0,0,0,0,0,0,0,0,0,0,0,0,0,0,0,0,0,0,0,0,0,0,0,71.8,0,16.94,1.77,5.41,9.46,4.6,0.22,0.03,55.4,110.44,13.59,148.79,205.86,1.3,122.56,-3.91,7.02,12.71,87.6747
3917950,"3917950_1964",1964,149.46,14.07,51.85,12.07,46.01,55.48,9.12,2.73,5.79,69.19,162.18,39.21,53.21,137.82,97.28,149.13,62.41,34.1,7.37,4.94,13.51,-0.71,1.19,1.47,4.9,8.4,12.24,17.46,16.23,12.72,8.92,2.94,1.39,-0.98,5.87,2.49,2.95,11.09,12.42,15.36,16.25,15.72,46.19,35.6,31.98,20.18,18.72,16.59,10.64,8.22,6.76,11.45,37.61,27.89,49.84,85.33,70.52,86.11,58.21,33.67,19.57,12.97,10.15,617.16,270.58,215.38,113.56,17.64,559.77,288.31,245.64,25.82,1176.93,642.98,862.8,905.47,271.83,76.95,113.77,55.49,25.62,426.37,205.69,177.99,42.69,698.2,314.52,449.82,477.52,87.15,13.25,1.95,25.54,46.41,81.17,7.38,26.46,47.33,168.32,134.48,113.61,94.53,939.4407,17.03,1393.46,795.33,3745.13,2949.8,4,0,0,0,0,2.21,0,0,0,0,3.04,0,17.4,1.46,3.57,21.08,17.88,20.12,3.3,1.7,7.47,44.5,76.2,10.63,8.34,2.17,15.47,4.53,9.74,75.3,114.81,9.26,8.42,9.51,7.1,5.93,4.34,2,2.63,2.81,5.58,10.12,10.5,2.36,78.2,2,10.57,47.54,51.04,648.34,556.14,64.03,64.72,40.42,262.92,158.95,164.27,73.68,10.78,1.86,43.279,0.33,-22.23,37.02,18.44,44.54,21.72,0,0,38.03,0,0,19.01,0,23.35,0,0.19,65.88,37.28,71.95,1.24,4.72,47.32,1.2,0.13,5.64,0,0,8.04,0,0,91.96,0,0,0,0,0,0,0,0,0,0,11.26,0,0,0,0,0,0,0,0,0,0,0,0,0,0,0,0,0,0,0,0,0,0,0,0,0,0,0,0,0,0,0,0,0,0,71.8,0,16.94,1.77,5.41,9.46,4.6,0.22,0.03,55.4,110.44,13.59,148.79,205.86,1.3,122.56,-3.91,7.02,12.71,87.6747
3917950,"3917950_1965",1965,142.38,29.36,9.13,150.02,12,25.17,11.47,50.23,1.56,24.92,115.41,366.49,149.46,14.07,51.85,12.07,46.01,55.48,9.12,2.73,5.79,0.64,2.8,3.96,5.97,8.97,13.15,17.52,16.45,13.07,10.46,1.75,0.97,-0.71,1.19,1.47,4.9,8.4,12.24,17.46,16.23,12.72,96.96,77.14,54.14,85.58,48.31,32.94,21.4,17.33,9.87,7.04,10.47,94.61,46.19,35.6,31.98,20.18,18.72,16.59,10.64,8.22,6.76,938.14,506.82,180.87,187.19,63.26,346.58,215.38,113.56,17.64,1284.72,955.78,1051.7,1153.52,555.79,112.12,228.24,166.83,48.6,194.88,113.77,55.49,25.62,750.67,581.41,611.28,669.56,95.71,13.18,7.4,28.09,47.04,73.9,1.95,25.54,46.41,169.61,142.12,121.25,97.66,939.4407,17.03,1393.46,795.33,3745.13,2949.8,4,0,0,0,0,2.21,0,0,0,0,3.04,0,17.4,1.46,3.57,21.08,17.88,20.12,3.3,1.7,7.47,44.5,76.2,10.63,8.34,2.17,15.47,4.53,9.74,75.3,114.81,9.26,8.42,9.51,7.1,5.93,4.34,2,2.63,2.81,5.58,10.12,10.5,2.36,78.2,2,10.57,47.54,51.04,648.34,556.14,64.03,64.72,40.42,262.92,158.95,164.27,73.68,10.78,1.86,43.279,0.33,-22.23,37.02,18.44,44.54,21.72,0,0,38.03,0,0,19.01,0,23.35,0,0.19,65.88,37.28,71.95,1.24,4.72,47.32,1.2,0.13,5.64,0,0,8.04,0,0,91.96,0,0,0,0,0,0,0,0,0,0,11.26,0,0,0,0,0,0,0,0,0,0,0,0,0,0,0,0,0,0,0,0,0,0,0,0,0,0,0,0,0,0,0,0,0,0,71.8,0,16.94,1.77,5.41,9.46,4.6,0.22,0.03,55.4,110.44,13.59,148.79,205.86,1.3,122.56,-3.91,7.02,12.71,87.6747
3917950,"3917950_1966",1966,125.44,53.57,46.7,17.74,17.52,12.25,3.32,9.89,18.9,2.21,222.36,65.56,142.38,29.36,9.13,150.02,12,25.17,11.47,50.23,1.56,-0.32,0.65,3.52,7.68,12.13,13.22,16.51,18.4,15,11.05,4.1,-0.76,0.64,2.8,3.96,5.97,8.97,13.15,17.52,16.45,13.07,48.53,40.09,36.09,27.19,21.14,14.55,11.04,9.5,8.4,7.29,50.18,35.37,96.96,77.14,54.14,85.58,48.31,32.94,21.4,17.33,9.87,595.46,290.13,225.71,47.51,32.11,431.32,180.87,187.19,63.26,1026.78,658.72,782.65,776.33,309.37,92.84,124.71,62.88,28.94,443.67,228.24,166.83,48.6,753.04,357.97,476.2,537.61,101.18,14.39,3.85,33.03,49.91,82.53,7.4,28.09,47.04,183.71,148.22,129.27,108.58,939.4407,17.03,1393.46,795.33,3745.13,2949.8,4,0,0,0,0,2.21,0,0,0,0,3.04,0,17.4,1.46,3.57,21.08,17.88,20.12,3.3,1.7,7.47,44.5,76.2,10.63,8.34,2.17,15.47,4.53,9.74,75.3,114.81,9.26,8.42,9.51,7.1,5.93,4.34,2,2.63,2.81,5.58,10.12,10.5,2.36,78.2,2,10.57,47.54,51.04,648.34,556.14,64.03,64.72,40.42,262.92,158.95,164.27,73.68,10.78,1.86,43.279,0.33,-22.23,37.02,18.44,44.54,21.72,0,0,38.03,0,0,19.01,0,23.35,0,0.19,65.88,37.28,71.95,1.24,4.72,47.32,1.2,0.13,5.64,0,0,8.04,0,0,91.96,0,0,0,0,0,0,0,0,0,0,11.26,0,0,0,0,0,0,0,0,0,0,0,0,0,0,0,0,0,0,0,0,0,0,0,0,0,0,0,0,0,0,0,0,0,0,71.8,0,16.94,1.77,5.41,9.46,4.6,0.22,0.03,55.4,110.44,13.59,148.79,205.86,1.3,122.56,-3.91,7.02,12.71,87.6747
3917950,"3917950_1967",1967,138.92,15.77,138.76,105.45,32.42,44.74,0.59,1.65,9.28,3.45,210.54,167.51,125.44,53.57,46.7,17.74,17.52,12.25,3.32,9.89,18.9,0.71,3.06,1.86,1.65,10.46,14.25,19.62,20.17,16.96,9.37,3.82,1.16,-0.32,0.65,3.52,7.68,12.13,13.22,16.51,18.4,15,80.2,50.49,64.27,58.97,48.48,35.99,23.12,16.33,11.94,5.43,40.37,68.9,48.53,40.09,36.09,27.19,21.14,14.55,11.04,9.5,8.4,869.08,381.5,293.45,182.61,11.52,305.33,225.71,47.51,32.11,1174.41,901.19,916.59,1094.79,504.49,114.7,194.96,143.44,51.39,216.53,124.71,62.88,28.94,721.02,533.43,567.37,629.2,103.09,14.35,5.63,26.36,56.75,86.79,3.85,33.03,49.91,189.88,153,136.12,106.94,939.4407,17.03,1393.46,795.33,3745.13,2949.8,4,0,0,0,0,2.21,0,0,0,0,3.04,0,17.4,1.46,3.57,21.08,17.88,20.12,3.3,1.7,7.47,44.5,76.2,10.63,8.34,2.17,15.47,4.53,9.74,75.3,114.81,9.26,8.42,9.51,7.1,5.93,4.34,2,2.63,2.81,5.58,10.12,10.5,2.36,78.2,2,10.57,47.54,51.04,648.34,556.14,64.03,64.72,40.42,262.92,158.95,164.27,73.68,10.78,1.86,43.279,0.33,-22.23,37.02,18.44,44.54,21.72,0,0,38.03,0,0,19.01,0,23.35,0,0.19,65.88,37.28,71.95,1.24,4.72,47.32,1.2,0.13,5.64,0,0,8.04,0,0,91.96,0,0,0,0,0,0,0,0,0,0,11.26,0,0,0,0,0,0,0,0,0,0,0,0,0,0,0,0,0,0,0,0,0,0,0,0,0,0,0,0,0,0,0,0,0,0,71.8,0,16.94,1.77,5.41,9.46,4.6,0.22,0.03,55.4,110.44,13.59,148.79,205.86,1.3,122.56,-3.91,7.02,12.71,87.6747
3917950,"3917950_1968",1968,116.64,62.9,60.37,6.38,35.86,34.31,0.58,35.29,5.52,53.23,49.11,100.57,138.92,15.77,138.76,105.45,32.42,44.74,0.59,1.65,9.28,-0.93,4.83,4.42,5.7,9.88,14.65,19.72,15.75,15.02,8.68,4.87,-3.23,0.71,3.06,1.86,1.65,10.46,14.25,19.62,20.17,16.96,10.93,44.39,45.37,27.5,21.95,16.34,10.69,10.52,6.88,11.08,9.28,5.26,80.2,50.49,64.27,58.97,48.48,35.99,23.12,16.33,11.94,560.76,202.91,239.91,76.55,41.39,487.58,293.45,182.61,11.52,1048.34,572.28,743.37,854.21,220.19,25.62,100.69,65.79,28.09,389.79,194.96,143.44,51.39,609.98,271.58,363.63,415.15,99.36,10.32,8.32,30.23,50.49,88.74,5.63,26.36,56.75,188.1,156.11,125.72,104.99,939.4407,17.03,1393.46,795.33,3745.13,2949.8,4,0,0,0,0,2.21,0,0,0,0,3.04,0,17.4,1.46,3.57,21.08,17.88,20.12,3.3,1.7,7.47,44.5,76.2,10.63,8.34,2.17,15.47,4.53,9.74,75.3,114.81,9.26,8.42,9.51,7.1,5.93,4.34,2,2.63,2.81,5.58,10.12,10.5,2.36,78.2,2,10.57,47.54,51.04,648.34,556.14,64.03,64.72,40.42,262.92,158.95,164.27,73.68,10.78,1.86,43.279,0.33,-22.23,37.02,18.44,44.54,21.72,0,0,38.03,0,0,19.01,0,23.35,0,0.19,65.88,37.28,71.95,1.24,4.72,47.32,1.2,0.13,5.64,0,0,8.04,0,0,91.96,0,0,0,0,0,0,0,0,0,0,11.26,0,0,0,0,0,0,0,0,0,0,0,0,0,0,0,0,0,0,0,0,0,0,0,0,0,0,0,0,0,0,0,0,0,0,71.8,0,16.94,1.77,5.41,9.46,4.6,0.22,0.03,55.4,110.44,13.59,148.79,205.86,1.3,122.56,-3.91,7.02,12.71,87.6747
3917950,"3917950_1969",1969,231.91,132.69,25.47,64.49,31.58,38.11,6.33,0.24,6.11,48.14,76.23,207.18,116.64,62.9,60.37,6.38,35.86,34.31,0.58,35.29,5.52,-1.88,0.17,2.17,5.29,12.4,14.68,18.32,17.18,15.36,8.71,2.82,-1.57,-0.93,4.83,4.42,5.7,9.88,14.65,19.72,15.75,15.02,30.8,55.52,56.17,74.09,75.54,57.64,37.88,23.89,15.89,8.28,8.77,14.54,10.93,44.39,45.37,27.5,21.95,16.34,10.69,10.52,6.88,868.48,331.55,390.07,134.18,12.68,357.85,239.91,76.55,41.39,1226.33,909.87,945.03,1108.39,459.01,31.59,142.49,207.27,77.66,194.57,100.69,65.79,28.09,653.58,487.1,524.8,559.7,93.65,9.96,0.46,32.37,50.86,89.04,8.32,30.23,50.49,182.69,144.14,123.88,101.97,939.4407,17.03,1393.46,795.33,3745.13,2949.8,4,0,0,0,0,2.21,0,0,0,0,3.04,0,17.4,1.46,3.57,21.08,17.88,20.12,3.3,1.7,7.47,44.5,76.2,10.63,8.34,2.17,15.47,4.53,9.74,75.3,114.81,9.26,8.42,9.51,7.1,5.93,4.34,2,2.63,2.81,5.58,10.12,10.5,2.36,78.2,2,10.57,47.54,51.04,648.34,556.14,64.03,64.72,40.42,262.92,158.95,164.27,73.68,10.78,1.86,43.279,0.33,-22.23,37.02,18.44,44.54,21.72,0,0,38.03,0,0,19.01,0,23.35,0,0.19,65.88,37.28,71.95,1.24,4.72,47.32,1.2,0.13,5.64,0,0,8.04,0,0,91.96,0,0,0,0,0,0,0,0,0,0,11.26,0,0,0,0,0,0,0,0,0,0,0,0,0,0,0,0,0,0,0,0,0,0,0,0,0,0,0,0,0,0,0,0,0,0,71.8,0,16.94,1.77,5.41,9.46,4.6,0.22,0.03,55.4,110.44,13.59,148.79,205.86,1.3,122.56,-3.91,7.02,12.71,87.6747
3917950,"3917950_1970",1970,259.83,64.09,47.21,24.9,5.3,29.42,1.74,0.24,2.02,42.86,61.53,280.84,231.91,132.69,25.47,64.49,31.58,38.11,6.33,0.24,6.11,1.61,3.64,3.48,3.36,10.8,15.47,19.39,18.21,12.75,6.52,3.54,1.6,-1.88,0.17,2.17,5.29,12.4,14.68,18.32,17.18,15.36,125.92,97.8,68.41,42.3,28.79,22.97,15.32,11.04,7.96,11.94,10.64,73.34,30.8,55.52,56.17,74.09,75.54,57.64,37.88,23.89,15.89,819.98,385.23,371.13,59.62,4,536.93,390.07,134.18,12.68,1356.91,832.66,954.16,1210.05,516.43,95.92,292.13,94.06,34.32,427.42,142.49,207.27,77.66,943.85,594.09,723.7,658.92,100.37,11.66,8.73,29.63,50.35,83.69,0.46,32.37,50.86,184.06,151.23,132.74,100.83,939.4407,17.03,1393.46,795.33,3745.13,2949.8,4,0,0,0,0,2.21,0,0,0,0,3.04,0,17.4,1.46,3.57,21.08,17.88,20.12,3.3,1.7,7.47,44.5,76.2,10.63,8.34,2.17,15.47,4.53,9.74,75.3,114.81,9.26,8.42,9.51,7.1,5.93,4.34,2,2.63,2.81,5.58,10.12,10.5,2.36,78.2,2,10.57,47.54,51.04,648.34,556.14,64.03,64.72,40.42,262.92,158.95,164.27,73.68,10.78,1.86,43.279,0.33,-22.23,37.02,18.44,44.54,21.72,0,0,38.03,0,0,19.01,0,23.35,0,0.19,65.88,37.28,71.95,1.24,4.72,47.32,1.2,0.13,5.64,0,0,8.04,0,0,91.96,0,0,0,0,0,0,0,0,0,0,11.26,0,0,0,0,0,0,0,0,0,0,0,0,0,0,0,0,0,0,0,0,0,0,0,0,0,0,0,0,0,0,0,0,0,0,71.8,0,16.94,1.77,5.41,9.46,4.6,0.22,0.03,55.4,110.44,13.59,148.79,205.86,1.3,122.56,-3.91,7.02,12.71,87.6747
3917950,"3917950_1971",1971,93.66,15.39,119.24,49.58,95.14,25.76,2.89,3.39,14.12,51.72,216.51,143.35,259.83,64.09,47.21,24.9,5.3,29.42,1.74,0.24,2.02,0.08,1.78,1.56,4.68,9.2,12.44,18.72,19.11,13.06,7.9,4.26,-1.47,1.61,3.64,3.48,3.36,10.8,15.47,19.39,18.21,12.75,54.93,42.62,57.27,47.75,56.89,34.47,21.34,14.46,10.43,9.05,51.48,45.12,125.92,97.8,68.41,42.3,28.79,22.97,15.32,11.04,7.96,830.75,411.58,228.29,170.48,20.4,434.75,371.13,59.62,4,1265.5,834.75,890.37,1201.88,445.81,105.65,154.82,139.11,46.23,420.51,292.13,94.06,34.32,866.32,480.13,539.87,737.94,91.32,10.69,3.42,26.32,50.89,88.71,8.73,29.63,50.35,180.03,141.67,120.95,100.05,939.4407,17.03,1393.46,795.33,3745.13,2949.8,4,0,0,0,0,2.21,0,0,0,0,3.04,0,17.4,1.46,3.57,21.08,17.88,20.12,3.3,1.7,7.47,44.5,76.2,10.63,8.34,2.17,15.47,4.53,9.74,75.3,114.81,9.26,8.42,9.51,7.1,5.93,4.34,2,2.63,2.81,5.58,10.12,10.5,2.36,78.2,2,10.57,47.54,51.04,648.34,556.14,64.03,64.72,40.42,262.92,158.95,164.27,73.68,10.78,1.86,43.279,0.33,-22.23,37.02,18.44,44.54,21.72,0,0,38.03,0,0,19.01,0,23.35,0,0.19,65.88,37.28,71.95,1.24,4.72,47.32,1.2,0.13,5.64,0,0,8.04,0,0,91.96,0,0,0,0,0,0,0,0,0,0,11.26,0,0,0,0,0,0,0,0,0,0,0,0,0,0,0,0,0,0,0,0,0,0,0,0,0,0,0,0,0,0,0,0,0,0,71.8,0,16.94,1.77,5.41,9.46,4.6,0.22,0.03,55.4,110.44,13.59,148.79,205.86,1.3,122.56,-3.91,7.02,12.71,87.6747
3917950,"3917950_1972",1972,101.9,61.73,77.77,61.39,46.16,31.72,0.28,4.44,16.44,41.82,107.16,101.04,93.66,15.39,119.24,49.58,95.14,25.76,2.89,3.39,14.12,-1.78,2.6,5.35,4.64,10.81,14.79,19.19,17.94,12.74,6.78,2.41,-2.33,0.08,1.78,1.56,4.68,9.2,12.44,18.72,19.11,13.06,16.02,42.79,61.07,49.26,35.57,23.39,14.37,10.75,8.32,8.85,12.86,9.67,54.93,42.62,57.27,47.75,56.89,34.47,21.34,14.46,10.43,651.85,250.02,241.4,139.27,21.16,419.17,228.29,170.48,20.4,1071.02,672.25,822.33,880.14,292.92,31.38,119.88,108.22,33.44,340.16,154.82,139.11,46.23,633.08,339.15,432.03,447.74,93.14,6.86,6.17,30.24,49.87,80.63,3.42,26.32,50.89,173.77,144.03,119.46,96.56,939.4407,17.03,1393.46,795.33,3745.13,2949.8,4,0,0,0,0,2.21,0,0,0,0,3.04,0,17.4,1.46,3.57,21.08,17.88,20.12,3.3,1.7,7.47,44.5,76.2,10.63,8.34,2.17,15.47,4.53,9.74,75.3,114.81,9.26,8.42,9.51,7.1,5.93,4.34,2,2.63,2.81,5.58,10.12,10.5,2.36,78.2,2,10.57,47.54,51.04,648.34,556.14,64.03,64.72,40.42,262.92,158.95,164.27,73.68,10.78,1.86,43.279,0.33,-22.23,37.02,18.44,44.54,21.72,0,0,38.03,0,0,19.01,0,23.35,0,0.19,65.88,37.28,71.95,1.24,4.72,47.32,1.2,0.13,5.64,0,0,8.04,0,0,91.96,0,0,0,0,0,0,0,0,0,0,11.26,0,0,0,0,0,0,0,0,0,0,0,0,0,0,0,0,0,0,0,0,0,0,0,0,0,0,0,0,0,0,0,0,0,0,71.8,0,16.94,1.77,5.41,9.46,4.6,0.22,0.03,55.4,110.44,13.59,148.79,205.86,1.3,122.56,-3.91,7.02,12.71,87.6747
3917950,"3917950_1973",1973,124.08,147.02,51.72,13.25,16.95,0.41,7.43,1.79,24.68,43.58,103.23,118.47,101.9,61.73,77.77,61.39,46.16,31.72,0.28,4.44,16.44,-0.92,2.84,2.03,6.4,12.51,14.86,19.03,17.19,14.34,8.14,2,-2.82,-1.78,2.6,5.35,4.64,10.81,14.79,19.19,17.94,12.74,20.36,72.89,56.43,44.2,35.26,24.23,17.5,12.24,10.58,8.46,12.16,8.2,16.02,42.79,61.07,49.26,35.57,23.39,14.37,10.75,8.32,652.61,265.28,322.82,30.61,33.9,401.83,241.4,139.27,21.16,1054.44,673.77,791.88,894.01,322.51,28.82,149.68,103.69,40.32,261.54,119.88,108.22,33.44,584.05,355.95,430.73,442.39,95.6,7.32,3.95,33.77,50.56,86.28,6.17,30.24,49.87,181.88,145.47,125.84,101.77,939.4407,17.03,1393.46,795.33,3745.13,2949.8,4,0,0,0,0,2.21,0,0,0,0,3.04,0,17.4,1.46,3.57,21.08,17.88,20.12,3.3,1.7,7.47,44.5,76.2,10.63,8.34,2.17,15.47,4.53,9.74,75.3,114.81,9.26,8.42,9.51,7.1,5.93,4.34,2,2.63,2.81,5.58,10.12,10.5,2.36,78.2,2,10.57,47.54,51.04,648.34,556.14,64.03,64.72,40.42,262.92,158.95,164.27,73.68,10.78,1.86,43.279,0.33,-22.23,37.02,18.44,44.54,21.72,0,0,38.03,0,0,19.01,0,23.35,0,0.19,65.88,37.28,71.95,1.24,4.72,47.32,1.2,0.13,5.64,0,0,8.04,0,0,91.96,0,0,0,0,0,0,0,0,0,0,11.26,0,0,0,0,0,0,0,0,0,0,0,0,0,0,0,0,0,0,0,0,0,0,0,0,0,0,0,0,0,0,0,0,0,0,71.8,0,16.94,1.77,5.41,9.46,4.6,0.22,0.03,55.4,110.44,13.59,148.79,205.86,1.3,122.56,-3.91,7.02,12.71,87.6747
3917950,"3917950_1974",1974,276.22,89.83,220.23,67.8,4.38,13.61,23.77,19.06,0.14,133.51,282.79,143.4,124.08,147.02,51.72,13.25,16.95,0.41,7.43,1.79,24.68,-1.62,1.2,2.93,4.66,9.72,15.52,17.3,17.69,16.57,8.15,2.63,2.1,-0.92,2.84,2.03,6.4,12.51,14.86,19.03,17.19,14.34,89.62,87.85,135.64,105.3,74.11,55.72,41.79,30.74,19.35,21.06,92.12,102.57,20.36,72.89,56.43,44.2,35.26,24.23,17.5,12.24,10.58,1274.74,559.7,586.28,85.79,42.97,387.33,322.82,30.61,33.9,1662.07,1308.64,1305.35,1597.56,855.87,215.75,313.11,235.13,91.88,293.69,149.68,103.69,40.32,1149.56,896.19,959.56,1005.55,96.85,12.88,2.51,29.9,51.56,88.28,3.95,33.77,50.56,185.13,147.41,130.62,100.8,939.4407,17.03,1393.46,795.33,3745.13,2949.8,4,0,0,0,0,2.21,0,0,0,0,3.04,0,17.4,1.46,3.57,21.08,17.88,20.12,3.3,1.7,7.47,44.5,76.2,10.63,8.34,2.17,15.47,4.53,9.74,75.3,114.81,9.26,8.42,9.51,7.1,5.93,4.34,2,2.63,2.81,5.58,10.12,10.5,2.36,78.2,2,10.57,47.54,51.04,648.34,556.14,64.03,64.72,40.42,262.92,158.95,164.27,73.68,10.78,1.86,43.279,0.33,-22.23,37.02,18.44,44.54,21.72,0,0,38.03,0,0,19.01,0,23.35,0,0.19,65.88,37.28,71.95,1.24,4.72,47.32,1.2,0.13,5.64,0,0,8.04,0,0,91.96,0,0,0,0,0,0,0,0,0,0,11.26,0,0,0,0,0,0,0,0,0,0,0,0,0,0,0,0,0,0,0,0,0,0,0,0,0,0,0,0,0,0,0,0,0,0,71.8,0,16.94,1.77,5.41,9.46,4.6,0.22,0.03,55.4,110.44,13.59,148.79,205.86,1.3,122.56,-3.91,7.02,12.71,87.6747
3917950,"3917950_1975",1975,62.79,193.4,228.27,44.22,5.19,35.28,17.34,17.23,3.18,30.83,66.86,134.13,276.22,89.83,220.23,67.8,4.38,13.61,23.77,19.06,0.14,-1.33,0.92,1.44,2.13,10.09,13.39,17.81,15.78,16.29,8.88,3.22,0.07,-1.62,1.2,2.93,4.66,9.72,15.52,17.3,17.69,16.57,20.74,65.75,101.55,66.96,57.67,47.81,31.85,20.9,13.45,14.77,13.21,22.81,89.62,87.85,135.64,105.3,74.11,55.72,41.79,30.74,19.35,838.72,231.82,484.46,84.69,37.75,715.04,586.28,85.79,42.97,1553.76,881.69,924.51,1425,477.47,50.79,188.04,172.44,66.2,640.12,313.11,235.13,91.88,1117.59,569.35,712.6,790.58,88.69,12.17,1.03,25.61,49.88,83.97,2.51,29.9,51.56,172.66,140.25,118.59,91.2,939.4407,17.03,1393.46,795.33,3745.13,2949.8,4,0,0,0,0,2.21,0,0,0,0,3.04,0,17.4,1.46,3.57,21.08,17.88,20.12,3.3,1.7,7.47,44.5,76.2,10.63,8.34,2.17,15.47,4.53,9.74,75.3,114.81,9.26,8.42,9.51,7.1,5.93,4.34,2,2.63,2.81,5.58,10.12,10.5,2.36,78.2,2,10.57,47.54,51.04,648.34,556.14,64.03,64.72,40.42,262.92,158.95,164.27,73.68,10.78,1.86,43.279,0.33,-22.23,37.02,18.44,44.54,21.72,0,0,38.03,0,0,19.01,0,23.35,0,0.19,65.88,37.28,71.95,1.24,4.72,47.32,1.2,0.13,5.64,0,0,8.04,0,0,91.96,0,0,0,0,0,0,0,0,0,0,11.26,0,0,0,0,0,0,0,0,0,0,0,0,0,0,0,0,0,0,0,0,0,0,0,0,0,0,0,0,0,0,0,0,0,0,71.8,0,16.94,1.77,5.41,9.46,4.6,0.22,0.03,55.4,110.44,13.59,148.79,205.86,1.3,122.56,-3.91,7.02,12.71,87.6747
3917950,"3917950_1976",1976,21.37,81.2,31.16,80.79,3.84,14.08,13.91,72.83,15.15,98.43,67.58,58.58,62.79,193.4,228.27,44.22,5.19,35.28,17.34,17.23,3.18,0.37,1.78,1.84,4.15,10.86,12.3,18.12,14.75,15.22,7.73,1.53,0.95,-1.33,0.92,1.44,2.13,10.09,13.39,17.81,15.78,16.29,14.6,29.31,18.96,30.67,17.17,11.69,9.41,12.05,7.95,15.95,17.1,22.28,20.74,65.75,101.55,66.96,57.67,47.81,31.85,20.9,13.45,558.92,224.59,133.73,98.71,101.89,606.9,484.46,84.69,37.75,1165.82,596.67,643.61,1043.38,207.14,55.33,62.87,59.53,29.41,426.68,188.04,172.44,66.2,633.82,273.34,379.58,395.18,89.6,10.21,3.99,27.31,48.09,76.52,1.03,25.61,49.88,166.12,139.48,115.21,90.63,939.4407,17.03,1393.46,795.33,3745.13,2949.8,4,0,0,0,0,2.21,0,0,0,0,3.04,0,17.4,1.46,3.57,21.08,17.88,20.12,3.3,1.7,7.47,44.5,76.2,10.63,8.34,2.17,15.47,4.53,9.74,75.3,114.81,9.26,8.42,9.51,7.1,5.93,4.34,2,2.63,2.81,5.58,10.12,10.5,2.36,78.2,2,10.57,47.54,51.04,648.34,556.14,64.03,64.72,40.42,262.92,158.95,164.27,73.68,10.78,1.86,43.279,0.33,-22.23,37.02,18.44,44.54,21.72,0,0,38.03,0,0,19.01,0,23.35,0,0.19,65.88,37.28,71.95,1.24,4.72,47.32,1.2,0.13,5.64,0,0,8.04,0,0,91.96,0,0,0,0,0,0,0,0,0,0,11.26,0,0,0,0,0,0,0,0,0,0,0,0,0,0,0,0,0,0,0,0,0,0,0,0,0,0,0,0,0,0,0,0,0,0,71.8,0,16.94,1.77,5.41,9.46,4.6,0.22,0.03,55.4,110.44,13.59,148.79,205.86,1.3,122.56,-3.91,7.02,12.71,87.6747
3917950,"3917950_1977",1977,42.69,42.84,32.65,21.81,66.7,22.35,7.86,7.61,56.39,10.97,31.04,23.34,21.37,81.2,31.16,80.79,3.84,14.08,13.91,72.83,15.15,-3.12,3.35,1.51,7.29,6.61,16.37,17.78,18.96,13.54,9.46,4.69,0.09,0.37,1.78,1.84,4.15,10.86,12.3,18.12,14.75,15.22,1.42,5.3,6.3,7.46,10.7,7.71,7.08,6.61,9.06,6.31,5.53,2.82,14.6,29.31,18.96,30.67,17.17,11.69,9.41,12.05,7.95,366.25,65.35,118.18,110.86,71.86,334.33,133.73,98.71,101.89,700.58,468.14,464.96,499.98,76.3,14.66,13.02,25.87,22.75,151.81,62.87,59.53,29.41,228.11,105.71,135.83,139.17,96.53,14.24,1.74,30.27,50.28,79.39,3.99,27.31,48.09,175.92,144.62,123.84,100.52,939.4407,17.03,1393.46,795.33,3745.13,2949.8,4,0,0,0,0,2.21,0,0,0,0,3.04,0,17.4,1.46,3.57,21.08,17.88,20.12,3.3,1.7,7.47,44.5,76.2,10.63,8.34,2.17,15.47,4.53,9.74,75.3,114.81,9.26,8.42,9.51,7.1,5.93,4.34,2,2.63,2.81,5.58,10.12,10.5,2.36,78.2,2,10.57,47.54,51.04,648.34,556.14,64.03,64.72,40.42,262.92,158.95,164.27,73.68,10.78,1.86,43.279,0.33,-22.23,37.02,18.44,44.54,21.72,0,0,38.03,0,0,19.01,0,23.35,0,0.19,65.88,37.28,71.95,1.24,4.72,47.32,1.2,0.13,5.64,0,0,8.04,0,0,91.96,0,0,0,0,0,0,0,0,0,0,11.26,0,0,0,0,0,0,0,0,0,0,0,0,0,0,0,0,0,0,0,0,0,0,0,0,0,0,0,0,0,0,0,0,0,0,71.8,0,16.94,1.77,5.41,9.46,4.6,0.22,0.03,55.4,110.44,13.59,148.79,205.86,1.3,122.56,-3.91,7.02,12.71,87.6747
3917950,"3917950_1978",1978,325.61,136.8,137.55,114.76,20.46,30.11,12.83,24.7,66.97,25.05,83.32,188.04,42.69,42.84,32.65,21.81,66.7,22.35,7.86,7.61,56.39,2.62,3.39,5.88,4.9,9.18,13.85,18.24,16.98,11.91,8.58,2.74,1.54,-3.12,3.35,1.51,7.29,6.61,16.37,17.78,18.96,13.54,142.41,125.44,123.33,102.14,59.27,39.13,25.51,18.11,15.64,6.3,9.23,44.76,1.42,5.3,6.3,7.46,10.7,7.71,7.08,6.61,9.06,1166.2,296.41,599.96,165.33,104.5,300.9,118.18,110.86,71.86,1467.1,1238.06,1277.06,1284.38,711.27,60.29,391.18,200.54,59.26,61.64,13.02,25.87,22.75,772.91,734.02,737.14,724.29,99.81,12.86,11.89,27.93,47.13,82.29,1.74,30.27,50.28,182.1,150.09,130.08,101.55,939.4407,17.03,1393.46,795.33,3745.13,2949.8,4,0,0,0,0,2.21,0,0,0,0,3.04,0,17.4,1.46,3.57,21.08,17.88,20.12,3.3,1.7,7.47,44.5,76.2,10.63,8.34,2.17,15.47,4.53,9.74,75.3,114.81,9.26,8.42,9.51,7.1,5.93,4.34,2,2.63,2.81,5.58,10.12,10.5,2.36,78.2,2,10.57,47.54,51.04,648.34,556.14,64.03,64.72,40.42,262.92,158.95,164.27,73.68,10.78,1.86,43.279,0.33,-22.23,37.02,18.44,44.54,21.72,0,0,38.03,0,0,19.01,0,23.35,0,0.19,65.88,37.28,71.95,1.24,4.72,47.32,1.2,0.13,5.64,0,0,8.04,0,0,91.96,0,0,0,0,0,0,0,0,0,0,11.26,0,0,0,0,0,0,0,0,0,0,0,0,0,0,0,0,0,0,0,0,0,0,0,0,0,0,0,0,0,0,0,0,0,0,71.8,0,16.94,1.77,5.41,9.46,4.6,0.22,0.03,55.4,110.44,13.59,148.79,205.86,1.3,122.56,-3.91,7.02,12.71,87.6747
3917950,"3917950_1979",1979,97.19,136.65,97.36,52.47,50.87,7.63,1.97,26.99,13.96,1.36,38.06,29.4,325.61,136.8,137.55,114.76,20.46,30.11,12.83,24.7,66.97,-1.74,1.37,4.32,5.31,10.91,14.25,18.16,16.41,15.74,10.32,1.05,-3.03,2.62,3.39,5.88,4.9,9.18,13.85,18.24,16.98,11.91,2.35,29.23,54.76,46.96,37.48,23.39,15.63,12.66,9.47,8.31,5.38,2.45,142.41,125.44,123.33,102.14,59.27,39.13,25.51,18.11,15.64,553.91,68.82,331.2,110.97,42.92,869.79,599.96,165.33,104.5,1423.7,658.41,719.24,1153.87,248.07,16.14,86.34,107.83,37.76,650.98,391.18,200.54,59.26,899.05,307.33,448.61,639.25,93.07,8.34,3.95,30.47,50.31,86.95,11.89,27.93,47.13,180.02,140.2,121,104.96,939.4407,17.03,1393.46,795.33,3745.13,2949.8,4,0,0,0,0,2.21,0,0,0,0,3.04,0,17.4,1.46,3.57,21.08,17.88,20.12,3.3,1.7,7.47,44.5,76.2,10.63,8.34,2.17,15.47,4.53,9.74,75.3,114.81,9.26,8.42,9.51,7.1,5.93,4.34,2,2.63,2.81,5.58,10.12,10.5,2.36,78.2,2,10.57,47.54,51.04,648.34,556.14,64.03,64.72,40.42,262.92,158.95,164.27,73.68,10.78,1.86,43.279,0.33,-22.23,37.02,18.44,44.54,21.72,0,0,38.03,0,0,19.01,0,23.35,0,0.19,65.88,37.28,71.95,1.24,4.72,47.32,1.2,0.13,5.64,0,0,8.04,0,0,91.96,0,0,0,0,0,0,0,0,0,0,11.26,0,0,0,0,0,0,0,0,0,0,0,0,0,0,0,0,0,0,0,0,0,0,0,0,0,0,0,0,0,0,0,0,0,0,71.8,0,16.94,1.77,5.41,9.46,4.6,0.22,0.03,55.4,110.44,13.59,148.79,205.86,1.3,122.56,-3.91,7.02,12.71,87.6747
3917950,"3917950_1980",1980,99.82,187.14,36.93,59.64,28.39,52.62,1.51,0.55,18.52,128.28,105.1,89.13,97.19,136.65,97.36,52.47,50.87,7.63,1.97,26.99,13.96,0.78,4.2,2.46,6.63,9.6,11.5,18.55,16.55,14.42,10.4,1.85,1.59,-1.74,1.37,4.32,5.31,10.91,14.25,18.16,16.41,15.74,55.25,103.04,57.82,45.73,28.42,20.99,12.92,9.49,8.36,19.08,30.63,42.91,2.35,29.23,54.76,46.96,37.48,23.39,15.63,12.66,9.47,807.63,322.51,323.89,140.65,20.58,485.09,331.2,110.97,42.92,1292.72,850.55,918.6,1138.83,434.64,92.62,216.11,95.14,30.77,231.93,86.34,107.83,37.76,666.57,472.4,542.47,520.98,98.53,13.84,7.44,27.73,49.52,84.73,3.95,30.47,50.31,183.26,148.84,129,102.48,939.4407,17.03,1393.46,795.33,3745.13,2949.8,4,0,0,0,0,2.21,0,0,0,0,3.04,0,17.4,1.46,3.57,21.08,17.88,20.12,3.3,1.7,7.47,44.5,76.2,10.63,8.34,2.17,15.47,4.53,9.74,75.3,114.81,9.26,8.42,9.51,7.1,5.93,4.34,2,2.63,2.81,5.58,10.12,10.5,2.36,78.2,2,10.57,47.54,51.04,648.34,556.14,64.03,64.72,40.42,262.92,158.95,164.27,73.68,10.78,1.86,43.279,0.33,-22.23,37.02,18.44,44.54,21.72,0,0,38.03,0,0,19.01,0,23.35,0,0.19,65.88,37.28,71.95,1.24,4.72,47.32,1.2,0.13,5.64,0,0,8.04,0,0,91.96,0,0,0,0,0,0,0,0,0,0,11.26,0,0,0,0,0,0,0,0,0,0,0,0,0,0,0,0,0,0,0,0,0,0,0,0,0,0,0,0,0,0,0,0,0,0,71.8,0,16.94,1.77,5.41,9.46,4.6,0.22,0.03,55.4,110.44,13.59,148.79,205.86,1.3,122.56,-3.91,7.02,12.71,87.6747
3917950,"3917950_1981",1981,174.63,105.55,62.09,43.68,37.33,5.8,2.64,0.83,19.59,38.97,29.31,128.92,99.82,187.14,36.93,59.64,28.39,52.62,1.51,0.55,18.52,2.48,2.61,3.38,6.96,10.11,14.53,18.13,19.31,15.77,10.02,3.59,1.42,0.78,4.2,2.46,6.63,9.6,11.5,18.55,16.55,14.42,62.86,67.45,51.85,36.81,26,15.69,10.96,8.48,7.7,8.08,5.06,15.68,55.25,103.04,57.82,45.73,28.42,20.99,12.92,9.49,8.36,649.34,197.2,342.27,86.81,23.06,485.12,323.89,140.65,20.58,1134.46,669.92,789.99,973.23,316.62,28.82,182.16,78.5,27.14,342.02,216.11,95.14,30.77,658.64,347.39,411.76,532.73,108.31,15.03,8.47,31.6,53.21,84.69,7.44,27.73,49.52,193,157.83,136.04,115.75,939.4407,17.03,1393.46,795.33,3745.13,2949.8,4,0,0,0,0,2.21,0,0,0,0,3.04,0,17.4,1.46,3.57,21.08,17.88,20.12,3.3,1.7,7.47,44.5,76.2,10.63,8.34,2.17,15.47,4.53,9.74,75.3,114.81,9.26,8.42,9.51,7.1,5.93,4.34,2,2.63,2.81,5.58,10.12,10.5,2.36,78.2,2,10.57,47.54,51.04,648.34,556.14,64.03,64.72,40.42,262.92,158.95,164.27,73.68,10.78,1.86,43.279,0.33,-22.23,37.02,18.44,44.54,21.72,0,0,38.03,0,0,19.01,0,23.35,0,0.19,65.88,37.28,71.95,1.24,4.72,47.32,1.2,0.13,5.64,0,0,8.04,0,0,91.96,0,0,0,0,0,0,0,0,0,0,11.26,0,0,0,0,0,0,0,0,0,0,0,0,0,0,0,0,0,0,0,0,0,0,0,0,0,0,0,0,0,0,0,0,0,0,71.8,0,16.94,1.77,5.41,9.46,4.6,0.22,0.03,55.4,110.44,13.59,148.79,205.86,1.3,122.56,-3.91,7.02,12.71,87.6747
3917950,"3917950_1982",1982,74.9,104.86,137.37,59.51,12.52,80.24,11.78,16.52,24.23,78.09,305.63,231.48,174.63,105.55,62.09,43.68,37.33,5.8,2.64,0.83,19.59,-1.76,1.8,2.45,4.47,10.61,14.06,17.21,17.66,12.63,7.52,4.36,2.32,2.48,2.61,3.38,6.96,10.11,14.53,18.13,19.31,15.77,81.02,83.56,89.96,66.74,44.77,38.83,23.05,16.55,11.9,10.16,98.82,138.83,62.86,67.45,51.85,36.81,26,15.69,10.96,8.48,7.7,1137.13,615.2,317.13,152.27,52.53,452.14,342.27,86.81,23.06,1589.27,1160.19,1223.94,1479.4,704.19,247.81,254.54,150.34,51.5,287.8,182.16,78.5,27.14,991.99,731.33,782.69,886.35,93.33,14.2,2.49,29.14,47.5,93.28,8.47,31.6,53.21,186.61,146.54,124.93,101.8,939.4407,17.03,1393.46,795.33,3745.13,2949.8,4,0,0,0,0,2.21,0,0,0,0,3.04,0,17.4,1.46,3.57,21.08,17.88,20.12,3.3,1.7,7.47,44.5,76.2,10.63,8.34,2.17,15.47,4.53,9.74,75.3,114.81,9.26,8.42,9.51,7.1,5.93,4.34,2,2.63,2.81,5.58,10.12,10.5,2.36,78.2,2,10.57,47.54,51.04,648.34,556.14,64.03,64.72,40.42,262.92,158.95,164.27,73.68,10.78,1.86,43.279,0.33,-22.23,37.02,18.44,44.54,21.72,0,0,38.03,0,0,19.01,0,23.35,0,0.19,65.88,37.28,71.95,1.24,4.72,47.32,1.2,0.13,5.64,0,0,8.04,0,0,91.96,0,0,0,0,0,0,0,0,0,0,11.26,0,0,0,0,0,0,0,0,0,0,0,0,0,0,0,0,0,0,0,0,0,0,0,0,0,0,0,0,0,0,0,0,0,0,71.8,0,16.94,1.77,5.41,9.46,4.6,0.22,0.03,55.4,110.44,13.59,148.79,205.86,1.3,122.56,-3.91,7.02,12.71,87.6747
3917950,"3917950_1983",1983,211.33,192.34,229.54,72.15,12.56,17.5,4.47,30.01,19.41,95.76,94.76,185.52,74.9,104.86,137.37,59.51,12.52,80.24,11.78,16.52,24.23,1.52,3.43,3.82,4.19,10.93,12.88,15.42,17.79,13.94,8.07,1.48,-0.74,-1.76,1.8,2.45,4.47,10.61,14.06,17.21,17.66,12.63,97.9,131.6,154.75,104.16,68.49,46.55,31,24.08,16.72,15.68,22.55,42.84,81.02,83.56,89.96,66.74,44.77,38.83,23.05,16.55,11.9,1165.35,376.04,633.21,102.21,53.89,521.93,317.13,152.27,52.53,1687.28,1217.88,1317.62,1482.48,756.32,81.07,384.25,219.2,71.8,456.38,254.54,150.34,51.5,1212.7,807.82,906.66,1010.86,92.73,8.81,8.77,28,47.15,79.13,2.49,29.14,47.5,171.86,140.23,121.87,95.22,939.4407,17.03,1393.46,795.33,3745.13,2949.8,4,0,0,0,0,2.21,0,0,0,0,3.04,0,17.4,1.46,3.57,21.08,17.88,20.12,3.3,1.7,7.47,44.5,76.2,10.63,8.34,2.17,15.47,4.53,9.74,75.3,114.81,9.26,8.42,9.51,7.1,5.93,4.34,2,2.63,2.81,5.58,10.12,10.5,2.36,78.2,2,10.57,47.54,51.04,648.34,556.14,64.03,64.72,40.42,262.92,158.95,164.27,73.68,10.78,1.86,43.279,0.33,-22.23,37.02,18.44,44.54,21.72,0,0,38.03,0,0,19.01,0,23.35,0,0.19,65.88,37.28,71.95,1.24,4.72,47.32,1.2,0.13,5.64,0,0,8.04,0,0,91.96,0,0,0,0,0,0,0,0,0,0,11.26,0,0,0,0,0,0,0,0,0,0,0,0,0,0,0,0,0,0,0,0,0,0,0,0,0,0,0,0,0,0,0,0,0,0,71.8,0,16.94,1.77,5.41,9.46,4.6,0.22,0.03,55.4,110.44,13.59,148.79,205.86,1.3,122.56,-3.91,7.02,12.71,87.6747
3917950,"3917950_1984",1984,11.37,75.08,79.61,36.04,6.85,16.02,20.25,34.31,8.11,35.95,224.55,249.41,211.33,192.34,229.54,72.15,12.56,17.5,4.47,30.01,19.41,0.89,3.03,5.11,5.33,10.71,13.3,19.37,18.05,14.37,9.85,2.95,0.64,1.52,3.43,3.82,4.19,10.93,12.88,15.42,17.79,13.94,61.15,64.61,64.28,40.97,25.81,17.41,13.38,11.73,8.28,13.88,50.78,94.98,97.9,131.6,154.75,104.16,68.49,46.55,31,24.08,16.72,797.55,509.91,166.06,58.91,62.67,789.31,633.21,102.21,53.89,1586.86,851.44,899.76,1430.76,467.26,159.64,190.04,84.19,33.39,675.25,384.25,219.2,71.8,1142.51,539.06,686.46,851.51,103.6,13.44,9.03,29.34,51.79,83.92,8.77,28,47.15,187.52,150.75,131.6,112.37,939.4407,17.03,1393.46,795.33,3745.13,2949.8,4,0,0,0,0,2.21,0,0,0,0,3.04,0,17.4,1.46,3.57,21.08,17.88,20.12,3.3,1.7,7.47,44.5,76.2,10.63,8.34,2.17,15.47,4.53,9.74,75.3,114.81,9.26,8.42,9.51,7.1,5.93,4.34,2,2.63,2.81,5.58,10.12,10.5,2.36,78.2,2,10.57,47.54,51.04,648.34,556.14,64.03,64.72,40.42,262.92,158.95,164.27,73.68,10.78,1.86,43.279,0.33,-22.23,37.02,18.44,44.54,21.72,0,0,38.03,0,0,19.01,0,23.35,0,0.19,65.88,37.28,71.95,1.24,4.72,47.32,1.2,0.13,5.64,0,0,8.04,0,0,91.96,0,0,0,0,0,0,0,0,0,0,11.26,0,0,0,0,0,0,0,0,0,0,0,0,0,0,0,0,0,0,0,0,0,0,0,0,0,0,0,0,0,0,0,0,0,0,71.8,0,16.94,1.77,5.41,9.46,4.6,0.22,0.03,55.4,110.44,13.59,148.79,205.86,1.3,122.56,-3.91,7.02,12.71,87.6747
3917950,"3917950_1985",1985,11.17,48.07,54.59,10.11,19.5,12.52,27.26,4.71,62.44,55.35,246.51,35.69,11.37,75.08,79.61,36.04,6.85,16.02,20.25,34.31,8.11,-0.14,1.74,2.11,8.59,10.51,15.77,20.21,16.8,12.03,6.78,1.81,-1.37,0.89,3.03,5.11,5.33,10.71,13.3,19.37,18.05,14.37,22,27.76,27.92,20.96,14.87,10.94,10.31,7.98,10.44,8.89,45.96,27.98,61.15,64.61,64.28,40.97,25.81,17.41,13.38,11.73,8.28,587.92,337.55,113.83,42.13,94.41,287.64,166.06,58.91,62.67,875.56,650.59,646.83,753.98,236.01,82.83,77.68,46.77,28.73,307.62,190.04,84.19,33.39,543.63,269.4,320.2,426.05,94.84,7.22,3.71,34.87,49.04,90.16,9.03,29.34,51.79,185,146.63,124.18,103.87,939.4407,17.03,1393.46,795.33,3745.13,2949.8,4,0,0,0,0,2.21,0,0,0,0,3.04,0,17.4,1.46,3.57,21.08,17.88,20.12,3.3,1.7,7.47,44.5,76.2,10.63,8.34,2.17,15.47,4.53,9.74,75.3,114.81,9.26,8.42,9.51,7.1,5.93,4.34,2,2.63,2.81,5.58,10.12,10.5,2.36,78.2,2,10.57,47.54,51.04,648.34,556.14,64.03,64.72,40.42,262.92,158.95,164.27,73.68,10.78,1.86,43.279,0.33,-22.23,37.02,18.44,44.54,21.72,0,0,38.03,0,0,19.01,0,23.35,0,0.19,65.88,37.28,71.95,1.24,4.72,47.32,1.2,0.13,5.64,0,0,8.04,0,0,91.96,0,0,0,0,0,0,0,0,0,0,11.26,0,0,0,0,0,0,0,0,0,0,0,0,0,0,0,0,0,0,0,0,0,0,0,0,0,0,0,0,0,0,0,0,0,0,71.8,0,16.94,1.77,5.41,9.46,4.6,0.22,0.03,55.4,110.44,13.59,148.79,205.86,1.3,122.56,-3.91,7.02,12.71,87.6747
3917950,"3917950_1986",1986,169.02,285.02,101.18,19.15,46.11,12.63,2.79,0.69,57.36,55.77,48.6,58.87,11.17,48.07,54.59,10.11,19.5,12.52,27.26,4.71,62.44,3.75,4.53,6.42,6.6,10.63,16.95,17.1,20.01,11.67,7.91,-0.23,0.05,-0.14,1.74,2.11,8.59,10.51,15.77,20.21,16.8,12.03,60.93,148.86,109.82,58.19,36.47,21.38,13.5,9.92,11.09,8.73,4.56,8.27,22,27.76,27.92,20.96,14.87,10.94,10.31,7.98,10.44,857.19,163.24,555.22,77.89,60.84,250.37,113.83,42.13,94.41,1107.56,951.6,899.32,971.02,491.72,21.56,319.61,116.04,34.51,153.18,77.68,46.77,28.73,644.9,520.45,538.49,569.4,105.39,7.73,14.7,34.18,48.78,87.62,3.71,34.87,49.04,193.01,154.43,140.26,109.1,939.4407,17.03,1393.46,795.33,3745.13,2949.8,4,0,0,0,0,2.21,0,0,0,0,3.04,0,17.4,1.46,3.57,21.08,17.88,20.12,3.3,1.7,7.47,44.5,76.2,10.63,8.34,2.17,15.47,4.53,9.74,75.3,114.81,9.26,8.42,9.51,7.1,5.93,4.34,2,2.63,2.81,5.58,10.12,10.5,2.36,78.2,2,10.57,47.54,51.04,648.34,556.14,64.03,64.72,40.42,262.92,158.95,164.27,73.68,10.78,1.86,43.279,0.33,-22.23,37.02,18.44,44.54,21.72,0,0,38.03,0,0,19.01,0,23.35,0,0.19,65.88,37.28,71.95,1.24,4.72,47.32,1.2,0.13,5.64,0,0,8.04,0,0,91.96,0,0,0,0,0,0,0,0,0,0,11.26,0,0,0,0,0,0,0,0,0,0,0,0,0,0,0,0,0,0,0,0,0,0,0,0,0,0,0,0,0,0,0,0,0,0,71.8,0,16.94,1.77,5.41,9.46,4.6,0.22,0.03,55.4,110.44,13.59,148.79,205.86,1.3,122.56,-3.91,7.02,12.71,87.6747
3917950,"3917950_1987",1987,133.51,75.72,105.33,9.16,18.41,15.6,28.59,1.62,1.93,34.54,39.83,52.82,169.02,285.02,101.18,19.15,46.11,12.63,2.79,0.69,57.36,-0.41,2.63,4.1,9.39,12.37,16.31,16.5,18.31,15.07,9.5,3.81,0.6,3.75,4.53,6.42,6.6,10.63,16.95,17.1,20.01,11.67,17.72,36.77,55.41,33.59,21.67,13.94,11.15,7.54,6.03,8.05,6.47,6.1,60.93,148.86,109.82,58.19,36.47,21.38,13.5,9.92,11.09,517.06,127.19,314.56,43.17,32.14,693.95,555.22,77.89,60.84,1211.01,577.9,594.95,1072.28,224.44,20.62,109.9,69.2,24.72,470.16,319.61,116.04,34.51,694.6,258.95,340.48,544.05,108.18,13.91,6.32,38.07,49.88,97.66,14.7,34.18,48.78,205.84,156.96,142.36,122.88,939.4407,17.03,1393.46,795.33,3745.13,2949.8,4,0,0,0,0,2.21,0,0,0,0,3.04,0,17.4,1.46,3.57,21.08,17.88,20.12,3.3,1.7,7.47,44.5,76.2,10.63,8.34,2.17,15.47,4.53,9.74,75.3,114.81,9.26,8.42,9.51,7.1,5.93,4.34,2,2.63,2.81,5.58,10.12,10.5,2.36,78.2,2,10.57,47.54,51.04,648.34,556.14,64.03,64.72,40.42,262.92,158.95,164.27,73.68,10.78,1.86,43.279,0.33,-22.23,37.02,18.44,44.54,21.72,0,0,38.03,0,0,19.01,0,23.35,0,0.19,65.88,37.28,71.95,1.24,4.72,47.32,1.2,0.13,5.64,0,0,8.04,0,0,91.96,0,0,0,0,0,0,0,0,0,0,11.26,0,0,0,0,0,0,0,0,0,0,0,0,0,0,0,0,0,0,0,0,0,0,0,0,0,0,0,0,0,0,0,0,0,0,71.8,0,16.94,1.77,5.41,9.46,4.6,0.22,0.03,55.4,110.44,13.59,148.79,205.86,1.3,122.56,-3.91,7.02,12.71,87.6747
3917950,"3917950_1988",1988,110.27,8.6,22.7,64.16,49.9,45.47,0.44,4.07,1.26,5.61,56.89,203.7,133.51,75.72,105.33,9.16,18.41,15.6,28.59,1.62,1.93,-0.18,4.31,5,8.19,9.12,13.95,20.02,18.85,15.61,12.75,4.29,-0.02,-0.41,2.63,4.1,9.39,12.37,16.31,16.5,18.31,15.07,38.16,40.25,31.5,32.41,22.07,15.78,10.1,7.94,6.21,5.62,6.13,20.97,17.72,36.77,55.41,33.59,21.67,13.94,11.15,7.54,6.03,573.07,266.2,141.57,159.53,5.77,389.87,314.56,43.17,32.14,962.94,605.21,616.24,887.63,237.14,32.72,109.91,70.26,24.25,203.82,109.9,69.2,24.72,440.96,261.86,306.34,347.04,111.89,17.02,9.13,31.26,54.48,94.27,6.32,38.07,49.88,206.16,161.77,149.96,118.21,939.4407,17.03,1393.46,795.33,3745.13,2949.8,4,0,0,0,0,2.21,0,0,0,0,3.04,0,17.4,1.46,3.57,21.08,17.88,20.12,3.3,1.7,7.47,44.5,76.2,10.63,8.34,2.17,15.47,4.53,9.74,75.3,114.81,9.26,8.42,9.51,7.1,5.93,4.34,2,2.63,2.81,5.58,10.12,10.5,2.36,78.2,2,10.57,47.54,51.04,648.34,556.14,64.03,64.72,40.42,262.92,158.95,164.27,73.68,10.78,1.86,43.279,0.33,-22.23,37.02,18.44,44.54,21.72,0,0,38.03,0,0,19.01,0,23.35,0,0.19,65.88,37.28,71.95,1.24,4.72,47.32,1.2,0.13,5.64,0,0,8.04,0,0,91.96,0,0,0,0,0,0,0,0,0,0,11.26,0,0,0,0,0,0,0,0,0,0,0,0,0,0,0,0,0,0,0,0,0,0,0,0,0,0,0,0,0,0,0,0,0,0,71.8,0,16.94,1.77,5.41,9.46,4.6,0.22,0.03,55.4,110.44,13.59,148.79,205.86,1.3,122.56,-3.91,7.02,12.71,87.6747
3917950,"3917950_1989",1989,65.6,22.91,196.82,43.7,52.96,12.01,0.73,13.23,52.94,2.84,182.1,55.38,110.27,8.6,22.7,64.16,49.9,45.47,0.44,4.07,1.26,-1.42,-0.44,4.09,8.79,10.01,15.06,17.32,16.35,14.08,12.85,3.59,0.16,-0.18,4.31,5,8.19,9.12,13.95,20.02,18.85,15.61,22.32,17.2,86.52,55.5,35.88,20.84,13.25,10.23,10.24,5.42,27.61,23.18,38.16,40.25,31.5,32.41,22.07,15.78,10.1,7.94,6.21,701.22,240.32,285.33,108.67,66.9,306.87,141.57,159.53,5.77,1008.09,706.99,860.75,842.79,328.19,56.21,126.04,112.22,33.72,204.42,109.91,70.26,24.25,532.61,352.44,398.45,438.1,100.44,16.6,2.23,33.86,47.75,94.87,9.13,31.26,54.48,195.31,154.92,131.7,109.57,939.4407,17.03,1393.46,795.33,3745.13,2949.8,4,0,0,0,0,2.21,0,0,0,0,3.04,0,17.4,1.46,3.57,21.08,17.88,20.12,3.3,1.7,7.47,44.5,76.2,10.63,8.34,2.17,15.47,4.53,9.74,75.3,114.81,9.26,8.42,9.51,7.1,5.93,4.34,2,2.63,2.81,5.58,10.12,10.5,2.36,78.2,2,10.57,47.54,51.04,648.34,556.14,64.03,64.72,40.42,262.92,158.95,164.27,73.68,10.78,1.86,43.279,0.33,-22.23,37.02,18.44,44.54,21.72,0,0,38.03,0,0,19.01,0,23.35,0,0.19,65.88,37.28,71.95,1.24,4.72,47.32,1.2,0.13,5.64,0,0,8.04,0,0,91.96,0,0,0,0,0,0,0,0,0,0,11.26,0,0,0,0,0,0,0,0,0,0,0,0,0,0,0,0,0,0,0,0,0,0,0,0,0,0,0,0,0,0,0,0,0,0,71.8,0,16.94,1.77,5.41,9.46,4.6,0.22,0.03,55.4,110.44,13.59,148.79,205.86,1.3,122.56,-3.91,7.02,12.71,87.6747
3917950,"3917950_1990",1990,167.61,52.78,61.29,35.56,179.21,12.89,11.13,26.88,15.03,73.94,32.3,14.61,65.6,22.91,196.82,43.7,52.96,12.01,0.73,13.23,52.94,0.76,0.37,4.79,8.93,9.2,13.59,19.47,17.78,15.48,8.02,3.52,1.03,-1.42,-0.44,4.09,8.79,10.01,15.06,17.32,16.35,14.08,30.49,29.75,37.72,26.66,72.45,34.81,20.58,14.37,9.61,10.71,7.12,4.06,22.32,17.2,86.52,55.5,35.88,20.84,13.25,10.23,10.24,683.23,120.85,281.68,227.66,53.04,460.9,285.33,108.67,66.9,1144.13,750.13,791.9,968.56,298.33,21.89,97.96,133.92,44.56,271.98,126.04,112.22,33.72,570.31,332.05,410.55,424.37,102.94,12.57,5.92,31.72,52.73,83.84,2.23,33.86,47.75,186.78,150.69,136.8,105.17,939.4407,17.03,1393.46,795.33,3745.13,2949.8,4,0,0,0,0,2.21,0,0,0,0,3.04,0,17.4,1.46,3.57,21.08,17.88,20.12,3.3,1.7,7.47,44.5,76.2,10.63,8.34,2.17,15.47,4.53,9.74,75.3,114.81,9.26,8.42,9.51,7.1,5.93,4.34,2,2.63,2.81,5.58,10.12,10.5,2.36,78.2,2,10.57,47.54,51.04,648.34,556.14,64.03,64.72,40.42,262.92,158.95,164.27,73.68,10.78,1.86,43.279,0.33,-22.23,37.02,18.44,44.54,21.72,0,0,38.03,0,0,19.01,0,23.35,0,0.19,65.88,37.28,71.95,1.24,4.72,47.32,1.2,0.13,5.64,0,0,8.04,0,0,91.96,0,0,0,0,0,0,0,0,0,0,11.26,0,0,0,0,0,0,0,0,0,0,0,0,0,0,0,0,0,0,0,0,0,0,0,0,0,0,0,0,0,0,0,0,0,0,71.8,0,16.94,1.77,5.41,9.46,4.6,0.22,0.03,55.4,110.44,13.59,148.79,205.86,1.3,122.56,-3.91,7.02,12.71,87.6747
3917950,"3917950_1991",1991,25.69,64.47,160.35,26.73,65.91,28.16,13.35,5.9,8.02,20.28,38.77,23.65,167.61,52.78,61.29,35.56,179.21,12.89,11.13,26.88,15.03,0.54,5.25,2.04,5,8.39,12.47,19.5,17.82,16.82,9.22,2.22,-3.44,0.76,0.37,4.79,8.93,9.2,13.59,19.47,17.78,15.48,2.17,9.65,40.42,28.97,25.53,15.14,10.79,7.94,6.69,7.29,4.67,1.92,30.49,29.75,37.72,26.66,72.45,34.81,20.58,14.37,9.61,481.28,82.7,250.51,120.8,27.27,562.38,281.68,227.66,53.04,1043.66,534.32,708.94,762.96,161.18,13.88,52.24,69.64,25.42,276.44,97.96,133.92,44.56,437.62,205.74,295.1,259.14,95.83,8,7.83,25.86,54.14,90.37,5.92,31.72,52.73,186.2,148.56,127.55,101.75,939.4407,17.03,1393.46,795.33,3745.13,2949.8,4,0,0,0,0,2.21,0,0,0,0,3.04,0,17.4,1.46,3.57,21.08,17.88,20.12,3.3,1.7,7.47,44.5,76.2,10.63,8.34,2.17,15.47,4.53,9.74,75.3,114.81,9.26,8.42,9.51,7.1,5.93,4.34,2,2.63,2.81,5.58,10.12,10.5,2.36,78.2,2,10.57,47.54,51.04,648.34,556.14,64.03,64.72,40.42,262.92,158.95,164.27,73.68,10.78,1.86,43.279,0.33,-22.23,37.02,18.44,44.54,21.72,0,0,38.03,0,0,19.01,0,23.35,0,0.19,65.88,37.28,71.95,1.24,4.72,47.32,1.2,0.13,5.64,0,0,8.04,0,0,91.96,0,0,0,0,0,0,0,0,0,0,11.26,0,0,0,0,0,0,0,0,0,0,0,0,0,0,0,0,0,0,0,0,0,0,0,0,0,0,0,0,0,0,0,0,0,0,71.8,0,16.94,1.77,5.41,9.46,4.6,0.22,0.03,55.4,110.44,13.59,148.79,205.86,1.3,122.56,-3.91,7.02,12.71,87.6747
3917950,"3917950_1992",1992,58.86,134.62,77.85,44.7,7.68,65.95,8.82,3.24,7.83,23.22,58.77,65.33,25.69,64.47,160.35,26.73,65.91,28.16,13.35,5.9,8.02,1.01,4.39,5.8,8.63,14.31,15.69,18.16,19.04,14.87,10.87,4.22,0.31,0.54,5.25,2.04,5,8.39,12.47,19.5,17.82,16.82,12.87,48.45,47.83,32.3,18.53,16.31,9.7,7.59,6.39,6.54,6.27,6.47,2.17,9.65,40.42,28.97,25.53,15.14,10.79,7.94,6.69,556.87,147.32,271.33,118.33,19.89,398.58,250.51,120.8,27.27,955.45,584.14,677.67,807.38,219.25,19.28,109.15,67.14,23.68,147.3,52.24,69.64,25.42,366.55,244.67,288.89,271.49,117.3,15.4,11.2,38.63,52.07,87.83,7.83,25.86,54.14,205.13,171.44,143.16,125.13,939.4407,17.03,1393.46,795.33,3745.13,2949.8,4,0,0,0,0,2.21,0,0,0,0,3.04,0,17.4,1.46,3.57,21.08,17.88,20.12,3.3,1.7,7.47,44.5,76.2,10.63,8.34,2.17,15.47,4.53,9.74,75.3,114.81,9.26,8.42,9.51,7.1,5.93,4.34,2,2.63,2.81,5.58,10.12,10.5,2.36,78.2,2,10.57,47.54,51.04,648.34,556.14,64.03,64.72,40.42,262.92,158.95,164.27,73.68,10.78,1.86,43.279,0.33,-22.23,37.02,18.44,44.54,21.72,0,0,38.03,0,0,19.01,0,23.35,0,0.19,65.88,37.28,71.95,1.24,4.72,47.32,1.2,0.13,5.64,0,0,8.04,0,0,91.96,0,0,0,0,0,0,0,0,0,0,11.26,0,0,0,0,0,0,0,0,0,0,0,0,0,0,0,0,0,0,0,0,0,0,0,0,0,0,0,0,0,0,0,0,0,0,71.8,0,16.94,1.77,5.41,9.46,4.6,0.22,0.03,55.4,110.44,13.59,148.79,205.86,1.3,122.56,-3.91,7.02,12.71,87.6747
3917950,"3917950_1993",1993,184.76,92.84,98.9,66.92,108.05,37.94,0.88,12.3,4.4,60.8,34.04,198.69,58.86,134.62,77.85,44.7,7.68,65.95,8.82,3.24,7.83,-2,0.51,5.55,5.37,10.69,12.93,15.71,16.81,15.16,10.43,3.09,-1.29,1.01,4.39,5.8,8.63,14.31,15.69,18.16,19.04,14.87,18.3,43.47,88.84,79.76,92.47,56.74,34.28,22.65,14.01,8.81,5.29,10.52,12.87,48.45,47.83,32.3,18.53,16.31,9.7,7.59,6.39,900.52,293.53,376.5,212.91,17.58,409.55,271.33,118.33,19.89,1310.07,920.41,1018.85,1171.85,475.14,24.62,150.61,228.97,70.94,199.97,109.15,67.14,23.68,675.11,498.82,542.28,584.29,92.96,12.23,4.06,28.99,47.68,101.9,11.2,38.63,52.07,194.86,145.03,131.59,104.16,939.4407,17.03,1393.46,795.33,3745.13,2949.8,4,0,0,0,0,2.21,0,0,0,0,3.04,0,17.4,1.46,3.57,21.08,17.88,20.12,3.3,1.7,7.47,44.5,76.2,10.63,8.34,2.17,15.47,4.53,9.74,75.3,114.81,9.26,8.42,9.51,7.1,5.93,4.34,2,2.63,2.81,5.58,10.12,10.5,2.36,78.2,2,10.57,47.54,51.04,648.34,556.14,64.03,64.72,40.42,262.92,158.95,164.27,73.68,10.78,1.86,43.279,0.33,-22.23,37.02,18.44,44.54,21.72,0,0,38.03,0,0,19.01,0,23.35,0,0.19,65.88,37.28,71.95,1.24,4.72,47.32,1.2,0.13,5.64,0,0,8.04,0,0,91.96,0,0,0,0,0,0,0,0,0,0,11.26,0,0,0,0,0,0,0,0,0,0,0,0,0,0,0,0,0,0,0,0,0,0,0,0,0,0,0,0,0,0,0,0,0,0,71.8,0,16.94,1.77,5.41,9.46,4.6,0.22,0.03,55.4,110.44,13.59,148.79,205.86,1.3,122.56,-3.91,7.02,12.71,87.6747
3917950,"3917950_1994",1994,93.01,69.8,20.63,30.99,74.42,6.23,1.68,0.48,10.72,34.46,25.29,104.86,184.76,92.84,98.9,66.92,108.05,37.94,0.88,12.3,4.4,1.59,1.49,5.51,7.4,11.58,13.98,20.3,17.77,15.81,10.04,1.7,0.04,-2,0.51,5.55,5.37,10.69,12.93,15.71,16.81,15.16,26.94,32.23,24.18,18.55,20.51,11.05,8.81,6.89,6.36,11.68,6.7,8.56,18.3,43.47,88.84,79.76,92.47,56.74,34.28,22.65,14.01,472.57,164.61,183.44,111.64,12.88,606.99,376.5,212.91,17.58,1079.56,490.15,685.48,849.07,182.46,26.94,83.35,50.11,22.06,450.52,150.61,228.97,70.94,632.98,253.4,411.43,333.07,107.21,11.78,8.59,32.96,53.88,80.73,4.06,28.99,47.68,187.94,154.89,136.2,111.27,939.4407,17.03,1393.46,795.33,3745.13,2949.8,4,0,0,0,0,2.21,0,0,0,0,3.04,0,17.4,1.46,3.57,21.08,17.88,20.12,3.3,1.7,7.47,44.5,76.2,10.63,8.34,2.17,15.47,4.53,9.74,75.3,114.81,9.26,8.42,9.51,7.1,5.93,4.34,2,2.63,2.81,5.58,10.12,10.5,2.36,78.2,2,10.57,47.54,51.04,648.34,556.14,64.03,64.72,40.42,262.92,158.95,164.27,73.68,10.78,1.86,43.279,0.33,-22.23,37.02,18.44,44.54,21.72,0,0,38.03,0,0,19.01,0,23.35,0,0.19,65.88,37.28,71.95,1.24,4.72,47.32,1.2,0.13,5.64,0,0,8.04,0,0,91.96,0,0,0,0,0,0,0,0,0,0,11.26,0,0,0,0,0,0,0,0,0,0,0,0,0,0,0,0,0,0,0,0,0,0,0,0,0,0,0,0,0,0,0,0,0,0,71.8,0,16.94,1.77,5.41,9.46,4.6,0.22,0.03,55.4,110.44,13.59,148.79,205.86,1.3,122.56,-3.91,7.02,12.71,87.6747
3917950,"3917950_1995",1995,410.78,42.23,269.86,114.48,48.59,64.83,26.89,0.4,2.07,5.64,117.5,61.32,93.01,69.8,20.63,30.99,74.42,6.23,1.68,0.48,10.72,2.21,5.62,3.17,5.42,10.52,13.03,17.6,16.86,15.73,8.48,-0.52,-0.31,1.59,1.49,5.51,7.4,11.58,13.98,20.3,17.77,15.81,126.89,99.36,149.14,124.09,83.61,58.16,37.24,22.48,14.58,4.68,4.97,8.02,26.94,32.23,24.18,18.55,20.51,11.05,8.81,6.89,6.36,1164.59,184.46,722.87,227.9,29.36,307.96,183.44,111.64,12.88,1472.55,1177.47,1276.23,1348.03,733.22,17.67,375.39,265.86,74.3,155.52,83.35,50.11,22.06,888.74,755.28,783.33,816.57,97.81,7.65,11,28.97,50.19,95.43,8.59,32.96,53.88,193.24,151.69,130.77,106.4,939.4407,17.03,1393.46,795.33,3745.13,2949.8,4,0,0,0,0,2.21,0,0,0,0,3.04,0,17.4,1.46,3.57,21.08,17.88,20.12,3.3,1.7,7.47,44.5,76.2,10.63,8.34,2.17,15.47,4.53,9.74,75.3,114.81,9.26,8.42,9.51,7.1,5.93,4.34,2,2.63,2.81,5.58,10.12,10.5,2.36,78.2,2,10.57,47.54,51.04,648.34,556.14,64.03,64.72,40.42,262.92,158.95,164.27,73.68,10.78,1.86,43.279,0.33,-22.23,37.02,18.44,44.54,21.72,0,0,38.03,0,0,19.01,0,23.35,0,0.19,65.88,37.28,71.95,1.24,4.72,47.32,1.2,0.13,5.64,0,0,8.04,0,0,91.96,0,0,0,0,0,0,0,0,0,0,11.26,0,0,0,0,0,0,0,0,0,0,0,0,0,0,0,0,0,0,0,0,0,0,0,0,0,0,0,0,0,0,0,0,0,0,71.8,0,16.94,1.77,5.41,9.46,4.6,0.22,0.03,55.4,110.44,13.59,148.79,205.86,1.3,122.56,-3.91,7.02,12.71,87.6747
3917950,"3917950_1996",1996,175.44,144.18,56.77,82.4,82.48,25.23,18.42,3.18,17.6,5.02,21.16,260.08,410.78,42.23,269.86,114.48,48.59,64.83,26.89,0.4,2.07,1.31,3.72,4.81,6.67,9.65,14.38,20.18,18.85,13.62,9.42,6.29,2.54,2.21,5.62,3.17,5.42,10.52,13.03,17.6,16.86,15.73,92.9,106.14,73.69,64.3,51.98,29.67,18.81,12.5,9.74,9.57,7.53,57.65,126.89,99.36,149.14,124.09,83.61,58.16,37.24,22.48,14.58,891.96,286.26,376.39,190.11,39.2,980.13,722.87,227.9,29.36,1872.09,921.32,1119.86,1614.83,534.48,74.75,272.73,145.95,41.05,715.55,375.39,265.86,74.3,1250.03,608.78,800.34,909.87,111.44,18.25,9.84,30.7,52.65,90.16,11,28.97,50.19,201.6,161.63,140.41,122.44,939.4407,17.03,1393.46,795.33,3745.13,2949.8,4,0,0,0,0,2.21,0,0,0,0,3.04,0,17.4,1.46,3.57,21.08,17.88,20.12,3.3,1.7,7.47,44.5,76.2,10.63,8.34,2.17,15.47,4.53,9.74,75.3,114.81,9.26,8.42,9.51,7.1,5.93,4.34,2,2.63,2.81,5.58,10.12,10.5,2.36,78.2,2,10.57,47.54,51.04,648.34,556.14,64.03,64.72,40.42,262.92,158.95,164.27,73.68,10.78,1.86,43.279,0.33,-22.23,37.02,18.44,44.54,21.72,0,0,38.03,0,0,19.01,0,23.35,0,0.19,65.88,37.28,71.95,1.24,4.72,47.32,1.2,0.13,5.64,0,0,8.04,0,0,91.96,0,0,0,0,0,0,0,0,0,0,11.26,0,0,0,0,0,0,0,0,0,0,0,0,0,0,0,0,0,0,0,0,0,0,0,0,0,0,0,0,0,0,0,0,0,0,71.8,0,16.94,1.77,5.41,9.46,4.6,0.22,0.03,55.4,110.44,13.59,148.79,205.86,1.3,122.56,-3.91,7.02,12.71,87.6747
3917950,"3917950_1997",1997,173.13,36.94,37.64,44.5,24.92,55.33,17.18,31.78,25.32,56.58,117.33,330.9,175.44,144.18,56.77,82.4,82.48,25.23,18.42,3.18,17.6,0.88,2.62,5.77,6.41,13.07,13.32,17.79,18.03,14.6,8.72,4.35,1.56,1.31,3.72,4.81,6.67,9.65,14.38,20.18,18.85,13.62,112.86,82.36,67.44,46.96,29.49,21.13,13.55,11.5,8.99,9.71,19.31,107.9,92.9,106.14,73.69,64.3,51.98,29.67,18.81,12.5,9.74,951.55,504.81,247.71,124.75,74.28,605.7,376.39,190.11,39.2,1557.25,990.75,1141.66,1327.94,531.2,136.92,262.66,97.58,34.04,459.73,272.73,145.95,41.05,990.93,572.25,677.15,803.93,107.12,14.63,9.27,32.8,50.42,93.19,9.84,30.7,52.65,200.31,159.77,137.82,116.96,939.4407,17.03,1393.46,795.33,3745.13,2949.8,4,0,0,0,0,2.21,0,0,0,0,3.04,0,17.4,1.46,3.57,21.08,17.88,20.12,3.3,1.7,7.47,44.5,76.2,10.63,8.34,2.17,15.47,4.53,9.74,75.3,114.81,9.26,8.42,9.51,7.1,5.93,4.34,2,2.63,2.81,5.58,10.12,10.5,2.36,78.2,2,10.57,47.54,51.04,648.34,556.14,64.03,64.72,40.42,262.92,158.95,164.27,73.68,10.78,1.86,43.279,0.33,-22.23,37.02,18.44,44.54,21.72,0,0,38.03,0,0,19.01,0,23.35,0,0.19,65.88,37.28,71.95,1.24,4.72,47.32,1.2,0.13,5.64,0,0,8.04,0,0,91.96,0,0,0,0,0,0,0,0,0,0,11.26,0,0,0,0,0,0,0,0,0,0,0,0,0,0,0,0,0,0,0,0,0,0,0,0,0,0,0,0,0,0,0,0,0,0,71.8,0,16.94,1.77,5.41,9.46,4.6,0.22,0.03,55.4,110.44,13.59,148.79,205.86,1.3,122.56,-3.91,7.02,12.71,87.6747
3917950,"3917950_1998",1998,229.94,230.69,121.11,59.73,133.69,51.24,8.81,1.19,16.63,60.78,110.01,49.96,173.13,36.94,37.64,44.5,24.92,55.33,17.18,31.78,25.32,1.48,1.02,3.69,5.55,7.08,13.84,19.7,19.35,16.27,8.17,4.72,-0.31,0.88,2.62,5.77,6.41,13.07,13.32,17.79,18.03,14.6,82.78,111.41,116.14,86.1,93.64,53.98,31.07,19.61,14.34,9.3,21.3,17.61,112.86,82.36,67.44,46.96,29.49,21.13,13.55,11.5,8.99,1073.78,220.75,581.74,244.66,26.63,446.74,247.71,124.75,74.28,1520.52,1148.06,1198.53,1321.49,657.28,48.21,310.33,233.72,65.02,394.28,262.66,97.58,34.04,1051.56,691.32,754.86,919.94,100.56,12.58,6.19,26.47,55.32,92.49,9.27,32.8,50.42,193.05,150.98,133.36,109.83,939.4407,17.03,1393.46,795.33,3745.13,2949.8,4,0,0,0,0,2.21,0,0,0,0,3.04,0,17.4,1.46,3.57,21.08,17.88,20.12,3.3,1.7,7.47,44.5,76.2,10.63,8.34,2.17,15.47,4.53,9.74,75.3,114.81,9.26,8.42,9.51,7.1,5.93,4.34,2,2.63,2.81,5.58,10.12,10.5,2.36,78.2,2,10.57,47.54,51.04,648.34,556.14,64.03,64.72,40.42,262.92,158.95,164.27,73.68,10.78,1.86,43.279,0.33,-22.23,37.02,18.44,44.54,21.72,0,0,38.03,0,0,19.01,0,23.35,0,0.19,65.88,37.28,71.95,1.24,4.72,47.32,1.2,0.13,5.64,0,0,8.04,0,0,91.96,0,0,0,0,0,0,0,0,0,0,11.26,0,0,0,0,0,0,0,0,0,0,0,0,0,0,0,0,0,0,0,0,0,0,0,0,0,0,0,0,0,0,0,0,0,0,71.8,0,16.94,1.77,5.41,9.46,4.6,0.22,0.03,55.4,110.44,13.59,148.79,205.86,1.3,122.56,-3.91,7.02,12.71,87.6747
3917950,"3917950_1999",1999,119,178.76,59.59,32.33,13.49,5.23,0.67,30.9,0.28,38.72,238.86,53.65,229.94,230.69,121.11,59.73,133.69,51.24,8.81,1.19,16.63,0.71,0.04,1.95,5.09,9.13,13.66,17.74,17.44,15.5,7.55,2.33,-1.8,1.48,1.02,3.69,5.55,7.08,13.84,19.7,19.35,16.27,60.25,77.62,66.9,54.65,39.94,23.96,15.95,13.66,9.08,10.95,45.58,31.33,82.78,111.41,116.14,86.1,93.64,53.98,31.07,19.61,14.34,771.48,331.23,357.35,51.05,31.85,853.03,581.74,244.66,26.63,1624.51,798.11,1016.14,1353.22,449.87,87.86,204.77,118.55,38.69,609.07,310.33,233.72,65.02,1058.94,514.89,683.59,760.2,89.34,8.08,2.7,27.88,50.68,87.98,6.19,26.47,55.32,177.32,144.66,115.81,95.53,939.4407,17.03,1393.46,795.33,3745.13,2949.8,4,0,0,0,0,2.21,0,0,0,0,3.04,0,17.4,1.46,3.57,21.08,17.88,20.12,3.3,1.7,7.47,44.5,76.2,10.63,8.34,2.17,15.47,4.53,9.74,75.3,114.81,9.26,8.42,9.51,7.1,5.93,4.34,2,2.63,2.81,5.58,10.12,10.5,2.36,78.2,2,10.57,47.54,51.04,648.34,556.14,64.03,64.72,40.42,262.92,158.95,164.27,73.68,10.78,1.86,43.279,0.33,-22.23,37.02,18.44,44.54,21.72,0,0,38.03,0,0,19.01,0,23.35,0,0.19,65.88,37.28,71.95,1.24,4.72,47.32,1.2,0.13,5.64,0,0,8.04,0,0,91.96,0,0,0,0,0,0,0,0,0,0,11.26,0,0,0,0,0,0,0,0,0,0,0,0,0,0,0,0,0,0,0,0,0,0,0,0,0,0,0,0,0,0,0,0,0,0,71.8,0,16.94,1.77,5.41,9.46,4.6,0.22,0.03,55.4,110.44,13.59,148.79,205.86,1.3,122.56,-3.91,7.02,12.71,87.6747
3917950,"3917950_2000",2000,203.93,165.29,50.42,87.6,27.76,10.85,10.66,4.14,14.62,43.98,91.31,32.67,119,178.76,59.59,32.33,13.49,5.23,0.67,30.9,0.28,0.38,3.17,3.67,7.95,10.06,16.27,17.27,18.48,13.98,10.47,5.32,0.77,0.71,0.04,1.95,5.09,9.13,13.66,17.74,17.44,15.5,44.34,94.8,68.55,65.05,35.62,21.14,14.24,10.01,8.16,9.75,14.68,8.83,60.25,77.62,66.9,54.65,39.94,23.96,15.95,13.66,9.08,743.23,167.96,419.64,126.21,29.42,440.25,357.35,51.05,31.85,1183.48,775.08,794.28,1100.58,395.17,33.26,207.69,121.81,32.41,362.01,204.77,118.55,38.69,757.18,433.86,513.72,599.94,107.79,16.56,7.22,34.28,49.73,81.26,2.7,27.88,50.68,189.05,158.47,135.67,110.49,939.4407,17.03,1393.46,795.33,3745.13,2949.8,4,0,0,0,0,2.21,0,0,0,0,3.04,0,17.4,1.46,3.57,21.08,17.88,20.12,3.3,1.7,7.47,44.5,76.2,10.63,8.34,2.17,15.47,4.53,9.74,75.3,114.81,9.26,8.42,9.51,7.1,5.93,4.34,2,2.63,2.81,5.58,10.12,10.5,2.36,78.2,2,10.57,47.54,51.04,648.34,556.14,64.03,64.72,40.42,262.92,158.95,164.27,73.68,10.78,1.86,43.279,0.33,-22.23,37.02,18.44,44.54,21.72,0,0,38.03,0,0,19.01,0,23.35,0,0.19,65.88,37.28,71.95,1.24,4.72,47.32,1.2,0.13,5.64,0,0,8.04,0,0,91.96,0,0,0,0,0,0,0,0,0,0,11.26,0,0,0,0,0,0,0,0,0,0,0,0,0,0,0,0,0,0,0,0,0,0,0,0,0,0,0,0,0,0,0,0,0,0,71.8,0,16.94,1.77,5.41,9.46,4.6,0.22,0.03,55.4,110.44,13.59,148.79,205.86,1.3,122.56,-3.91,7.02,12.71,87.6747
3917950,"3917950_2001",2001,51.68,79.9,59.81,43.97,13.96,27.66,16.24,0.95,21.85,56.38,29.61,34.35,203.93,165.29,50.42,87.6,27.76,10.85,10.66,4.14,14.62,0.26,0.38,5.43,4.66,13.55,14.17,18.41,19.52,15.95,8.34,1.16,1.16,0.38,3.17,3.67,7.95,10.06,16.27,17.27,18.48,13.98,6.34,14.1,25.27,18.41,12.5,10.46,8.26,6.81,7.51,9.07,4.3,4.11,44.34,94.8,68.55,65.05,35.62,21.14,14.24,10.01,8.16,436.36,120.34,191.39,85.59,39.04,575.27,419.64,126.21,29.42,1011.63,465.78,562.57,856,127.14,17.48,45.71,41.37,22.58,361.91,207.69,121.81,32.41,489.05,159.55,248.95,334.83,102.99,10.66,6.07,32.38,53.88,91.23,7.22,34.28,49.73,194.22,152.72,137.27,110.21,939.4407,17.03,1393.46,795.33,3745.13,2949.8,4,0,0,0,0,2.21,0,0,0,0,3.04,0,17.4,1.46,3.57,21.08,17.88,20.12,3.3,1.7,7.47,44.5,76.2,10.63,8.34,2.17,15.47,4.53,9.74,75.3,114.81,9.26,8.42,9.51,7.1,5.93,4.34,2,2.63,2.81,5.58,10.12,10.5,2.36,78.2,2,10.57,47.54,51.04,648.34,556.14,64.03,64.72,40.42,262.92,158.95,164.27,73.68,10.78,1.86,43.279,0.33,-22.23,37.02,18.44,44.54,21.72,0,0,38.03,0,0,19.01,0,23.35,0,0.19,65.88,37.28,71.95,1.24,4.72,47.32,1.2,0.13,5.64,0,0,8.04,0,0,91.96,0,0,0,0,0,0,0,0,0,0,11.26,0,0,0,0,0,0,0,0,0,0,0,0,0,0,0,0,0,0,0,0,0,0,0,0,0,0,0,0,0,0,0,0,0,0,71.8,0,16.94,1.77,5.41,9.46,4.6,0.22,0.03,55.4,110.44,13.59,148.79,205.86,1.3,122.56,-3.91,7.02,12.71,87.6747
3917950,"3917950_2002",2002,74.73,56.33,39.69,51.68,33.4,9.48,2.91,1.02,4.51,20.76,149.7,162.75,51.68,79.9,59.81,43.97,13.96,27.66,16.24,0.95,21.85,-0.93,3.05,3.23,7.61,10.19,15.64,20.48,17.75,15.23,10.62,3.75,0.12,0.26,0.38,5.43,4.66,13.55,14.17,18.41,19.52,15.95,40.56,51.24,41.04,33.2,20.97,13.43,10.2,7.13,5.67,7,21.2,42.9,6.34,14.1,25.27,18.41,12.5,10.46,8.26,6.81,7.51,606.96,333.21,170.75,94.56,8.44,316.02,191.39,85.59,39.04,922.98,646,692.55,798.35,294.54,71.1,132.84,67.6,23,109.66,45.71,41.37,22.58,404.2,317.12,335.91,340.25,106.74,14.49,5.35,33.44,53.46,92.33,6.07,32.38,53.88,199.07,160.62,139.12,112.81,939.4407,17.03,1393.46,795.33,3745.13,2949.8,4,0,0,0,0,2.21,0,0,0,0,3.04,0,17.4,1.46,3.57,21.08,17.88,20.12,3.3,1.7,7.47,44.5,76.2,10.63,8.34,2.17,15.47,4.53,9.74,75.3,114.81,9.26,8.42,9.51,7.1,5.93,4.34,2,2.63,2.81,5.58,10.12,10.5,2.36,78.2,2,10.57,47.54,51.04,648.34,556.14,64.03,64.72,40.42,262.92,158.95,164.27,73.68,10.78,1.86,43.279,0.33,-22.23,37.02,18.44,44.54,21.72,0,0,38.03,0,0,19.01,0,23.35,0,0.19,65.88,37.28,71.95,1.24,4.72,47.32,1.2,0.13,5.64,0,0,8.04,0,0,91.96,0,0,0,0,0,0,0,0,0,0,11.26,0,0,0,0,0,0,0,0,0,0,0,0,0,0,0,0,0,0,0,0,0,0,0,0,0,0,0,0,0,0,0,0,0,0,71.8,0,16.94,1.77,5.41,9.46,4.6,0.22,0.03,55.4,110.44,13.59,148.79,205.86,1.3,122.56,-3.91,7.02,12.71,87.6747
3917950,"3917950_2003",2003,86,51.54,102.49,131.32,21.04,3.87,13.1,17.85,8.32,2.05,77.9,337.72,74.73,56.33,39.69,51.68,33.4,9.48,2.91,1.02,4.51,3.62,2.19,4.86,3.96,10.61,16.62,20.95,18.29,16.18,8.65,4.41,1.17,-0.93,3.05,3.23,7.61,10.19,15.64,20.48,17.75,15.23,96.35,71.78,79.38,86.44,46.09,26.19,17.45,11.52,7.71,4.03,7.1,77.72,40.56,51.24,41.04,33.2,20.97,13.43,10.2,7.13,5.67,853.2,417.67,240.03,156.23,39.27,273.75,170.75,94.56,8.44,1126.95,861.64,947.76,1023.95,531.76,88.85,247.51,158.72,36.68,223.44,132.84,67.6,23,755.2,554.76,599.36,664.6,111.51,14.23,10.67,31.19,55.42,92.25,5.35,33.44,53.46,203.76,164.97,144.95,116.86,939.4407,17.03,1393.46,795.33,3745.13,2949.8,4,0,0,0,0,2.21,0,0,0,0,3.04,0,17.4,1.46,3.57,21.08,17.88,20.12,3.3,1.7,7.47,44.5,76.2,10.63,8.34,2.17,15.47,4.53,9.74,75.3,114.81,9.26,8.42,9.51,7.1,5.93,4.34,2,2.63,2.81,5.58,10.12,10.5,2.36,78.2,2,10.57,47.54,51.04,648.34,556.14,64.03,64.72,40.42,262.92,158.95,164.27,73.68,10.78,1.86,43.279,0.33,-22.23,37.02,18.44,44.54,21.72,0,0,38.03,0,0,19.01,0,23.35,0,0.19,65.88,37.28,71.95,1.24,4.72,47.32,1.2,0.13,5.64,0,0,8.04,0,0,91.96,0,0,0,0,0,0,0,0,0,0,11.26,0,0,0,0,0,0,0,0,0,0,0,0,0,0,0,0,0,0,0,0,0,0,0,0,0,0,0,0,0,0,0,0,0,0,71.8,0,16.94,1.77,5.41,9.46,4.6,0.22,0.03,55.4,110.44,13.59,148.79,205.86,1.3,122.56,-3.91,7.02,12.71,87.6747
3917950,"3917950_2004",2004,100.18,171.42,39.39,33.48,44.48,5.96,8.91,10.57,2.61,2.49,90.08,157.95,86,51.54,102.49,131.32,21.04,3.87,13.1,17.85,8.32,0.33,1.95,7.53,8.08,10.44,15.65,20.04,18.95,14.25,11.08,1.61,1.14,3.62,2.19,4.86,3.96,10.61,16.62,20.95,18.29,16.18,44.04,85.18,66.74,39.89,25.46,15.33,12.01,9.05,6.2,5.32,7.06,30.67,96.35,71.78,79.38,86.44,46.09,26.19,17.45,11.52,7.71,667.52,250.52,310.99,83.92,22.09,435.53,240.03,156.23,39.27,1103.05,706.79,823.75,907.55,346.95,43.05,195.96,80.68,27.26,442.91,247.51,158.72,36.68,789.86,383.63,505.67,594.46,111.05,13.83,9.81,34.17,53.24,97.28,10.67,31.19,55.42,208.33,166.47,142.24,121.72,939.4407,17.03,1393.46,795.33,3745.13,2949.8,4,0,0,0,0,2.21,0,0,0,0,3.04,0,17.4,1.46,3.57,21.08,17.88,20.12,3.3,1.7,7.47,44.5,76.2,10.63,8.34,2.17,15.47,4.53,9.74,75.3,114.81,9.26,8.42,9.51,7.1,5.93,4.34,2,2.63,2.81,5.58,10.12,10.5,2.36,78.2,2,10.57,47.54,51.04,648.34,556.14,64.03,64.72,40.42,262.92,158.95,164.27,73.68,10.78,1.86,43.279,0.33,-22.23,37.02,18.44,44.54,21.72,0,0,38.03,0,0,19.01,0,23.35,0,0.19,65.88,37.28,71.95,1.24,4.72,47.32,1.2,0.13,5.64,0,0,8.04,0,0,91.96,0,0,0,0,0,0,0,0,0,0,11.26,0,0,0,0,0,0,0,0,0,0,0,0,0,0,0,0,0,0,0,0,0,0,0,0,0,0,0,0,0,0,0,0,0,0,71.8,0,16.94,1.77,5.41,9.46,4.6,0.22,0.03,55.4,110.44,13.59,148.79,205.86,1.3,122.56,-3.91,7.02,12.71,87.6747
3917950,"3917950_2005",2005,71.02,30.37,77.41,64.2,109.3,50.93,1.6,0.53,5.48,101.04,33.25,144.99,100.18,171.42,39.39,33.48,44.48,5.96,8.91,10.57,2.61,0.85,3.58,5.64,6.15,10.73,12.37,20.34,19.63,13.74,8.65,3.58,1.84,0.33,1.95,7.53,8.08,10.44,15.65,20.04,18.95,14.25,42.7,30.5,40.47,33.87,44.45,25.17,13.59,9.05,6.39,12.36,7.14,38.07,44.04,85.18,66.74,39.89,25.46,15.33,12.01,9.05,6.2,690.12,279.28,178.8,224.43,7.61,417,310.99,83.92,22.09,1107.12,712.21,774.04,1001.11,303.76,57.57,113.67,103.49,29.03,303.9,195.96,80.68,27.26,607.66,331.02,384.44,499.72,107.1,14.07,10.07,29.25,53.71,97.22,9.81,34.17,53.24,204.32,160.34,141.27,116.91,939.4407,17.03,1393.46,795.33,3745.13,2949.8,4,0,0,0,0,2.21,0,0,0,0,3.04,0,17.4,1.46,3.57,21.08,17.88,20.12,3.3,1.7,7.47,44.5,76.2,10.63,8.34,2.17,15.47,4.53,9.74,75.3,114.81,9.26,8.42,9.51,7.1,5.93,4.34,2,2.63,2.81,5.58,10.12,10.5,2.36,78.2,2,10.57,47.54,51.04,648.34,556.14,64.03,64.72,40.42,262.92,158.95,164.27,73.68,10.78,1.86,43.279,0.33,-22.23,37.02,18.44,44.54,21.72,0,0,38.03,0,0,19.01,0,23.35,0,0.19,65.88,37.28,71.95,1.24,4.72,47.32,1.2,0.13,5.64,0,0,8.04,0,0,91.96,0,0,0,0,0,0,0,0,0,0,11.26,0,0,0,0,0,0,0,0,0,0,0,0,0,0,0,0,0,0,0,0,0,0,0,0,0,0,0,0,0,0,0,0,0,0,71.8,0,16.94,1.77,5.41,9.46,4.6,0.22,0.03,55.4,110.44,13.59,148.79,205.86,1.3,122.56,-3.91,7.02,12.71,87.6747
3917950,"3917950_2006",2006,161.08,89.12,126.93,118.68,30.88,23.75,3.56,5.47,1.57,18.93,138.85,304.89,71.02,30.37,77.41,64.2,109.3,50.93,1.6,0.53,5.48,0.88,2.2,0.93,6.47,11.99,16.98,21.18,18.51,15.7,9.36,3.3,1,0.85,3.58,5.64,6.15,10.73,12.37,20.34,19.63,13.74,104.46,93.59,84.72,102.37,68.2,41.4,24.91,16.13,10.3,5.55,14.22,94.46,42.7,30.5,40.47,33.87,44.45,25.17,13.59,9.05,6.39,1023.71,462.67,377.13,173.31,10.6,410.84,178.8,224.43,7.61,1434.55,1031.32,1248.14,1202.51,660.31,114.23,282.77,211.97,51.34,246.19,113.67,103.49,29.03,906.5,689.34,763.8,773.98,108.5,13.66,4.01,35.44,55.39,93.03,10.07,29.25,53.71,201.53,162.21,137.75,118.57,939.4407,17.03,1393.46,795.33,3745.13,2949.8,4,0,0,0,0,2.21,0,0,0,0,3.04,0,17.4,1.46,3.57,21.08,17.88,20.12,3.3,1.7,7.47,44.5,76.2,10.63,8.34,2.17,15.47,4.53,9.74,75.3,114.81,9.26,8.42,9.51,7.1,5.93,4.34,2,2.63,2.81,5.58,10.12,10.5,2.36,78.2,2,10.57,47.54,51.04,648.34,556.14,64.03,64.72,40.42,262.92,158.95,164.27,73.68,10.78,1.86,43.279,0.33,-22.23,37.02,18.44,44.54,21.72,0,0,38.03,0,0,19.01,0,23.35,0,0.19,65.88,37.28,71.95,1.24,4.72,47.32,1.2,0.13,5.64,0,0,8.04,0,0,91.96,0,0,0,0,0,0,0,0,0,0,11.26,0,0,0,0,0,0,0,0,0,0,0,0,0,0,0,0,0,0,0,0,0,0,0,0,0,0,0,0,0,0,0,0,0,0,71.8,0,16.94,1.77,5.41,9.46,4.6,0.22,0.03,55.4,110.44,13.59,148.79,205.86,1.3,122.56,-3.91,7.02,12.71,87.6747
3917950,"3917950_2007",2007,24.28,144.43,20.5,29.87,16.05,17.37,25,3.15,8.94,11.99,105.2,131.81,161.08,89.12,126.93,118.68,30.88,23.75,3.56,5.47,1.57,-0.22,2.37,6.47,7.53,12.25,15.29,20.45,18.79,14.42,9.5,4.01,1.33,0.88,2.2,0.93,6.47,11.99,16.98,21.18,18.51,15.7,22.7,66,37,21.68,12.45,7.98,6.85,4.61,4.1,6.63,10.3,34,104.46,93.59,84.72,102.37,68.2,41.4,24.91,16.13,10.3,538.59,249,189.21,63.29,37.09,561.04,377.13,173.31,10.6,1099.63,549.19,711.9,915.72,234.3,50.93,125.7,42.11,15.56,546.08,282.77,211.97,51.34,780.38,285.64,446.27,517.07,112.19,14.84,8.62,35.07,53.66,94.84,4.01,35.44,55.39,207.03,167.58,147.63,116.2,939.4407,17.03,1393.46,795.33,3745.13,2949.8,4,0,0,0,0,2.21,0,0,0,0,3.04,0,17.4,1.46,3.57,21.08,17.88,20.12,3.3,1.7,7.47,44.5,76.2,10.63,8.34,2.17,15.47,4.53,9.74,75.3,114.81,9.26,8.42,9.51,7.1,5.93,4.34,2,2.63,2.81,5.58,10.12,10.5,2.36,78.2,2,10.57,47.54,51.04,648.34,556.14,64.03,64.72,40.42,262.92,158.95,164.27,73.68,10.78,1.86,43.279,0.33,-22.23,37.02,18.44,44.54,21.72,0,0,38.03,0,0,19.01,0,23.35,0,0.19,65.88,37.28,71.95,1.24,4.72,47.32,1.2,0.13,5.64,0,0,8.04,0,0,91.96,0,0,0,0,0,0,0,0,0,0,11.26,0,0,0,0,0,0,0,0,0,0,0,0,0,0,0,0,0,0,0,0,0,0,0,0,0,0,0,0,0,0,0,0,0,0,71.8,0,16.94,1.77,5.41,9.46,4.6,0.22,0.03,55.4,110.44,13.59,148.79,205.86,1.3,122.56,-3.91,7.02,12.71,87.6747
3917950,"3917950_2008",2008,148.76,58.7,36,20.1,42.21,5.8,2.5,3.79,0.12,93.97,35.19,107.61,24.28,144.43,20.5,29.87,16.05,17.37,25,3.15,8.94,-1.04,2.06,3.37,5.29,11.23,14.89,19.86,19.39,16.83,8.13,5.06,-0.25,-0.22,2.37,6.47,7.53,12.25,15.29,20.45,18.79,14.42,37.6,49.94,40.3,26.36,20.53,12,8,5.79,4.39,7.8,4.64,14.41,22.7,66,37,21.68,12.45,7.98,6.85,4.61,4.1,554.75,236.77,243.46,68.11,6.41,289.59,189.21,63.29,37.09,844.34,591.84,618.04,743.96,231.76,26.85,127.84,58.89,18.18,183.37,125.7,42.11,15.56,415.13,247.32,273.87,357.46,104.82,12.94,4.39,31.41,56.08,97.35,8.62,35.07,53.66,202.17,158.48,139.89,113.44,939.4407,17.03,1393.46,795.33,3745.13,2949.8,4,0,0,0,0,2.21,0,0,0,0,3.04,0,17.4,1.46,3.57,21.08,17.88,20.12,3.3,1.7,7.47,44.5,76.2,10.63,8.34,2.17,15.47,4.53,9.74,75.3,114.81,9.26,8.42,9.51,7.1,5.93,4.34,2,2.63,2.81,5.58,10.12,10.5,2.36,78.2,2,10.57,47.54,51.04,648.34,556.14,64.03,64.72,40.42,262.92,158.95,164.27,73.68,10.78,1.86,43.279,0.33,-22.23,37.02,18.44,44.54,21.72,0,0,38.03,0,0,19.01,0,23.35,0,0.19,65.88,37.28,71.95,1.24,4.72,47.32,1.2,0.13,5.64,0,0,8.04,0,0,91.96,0,0,0,0,0,0,0,0,0,0,11.26,0,0,0,0,0,0,0,0,0,0,0,0,0,0,0,0,0,0,0,0,0,0,0,0,0,0,0,0,0,0,0,0,0,0,71.8,0,16.94,1.77,5.41,9.46,4.6,0.22,0.03,55.4,110.44,13.59,148.79,205.86,1.3,122.56,-3.91,7.02,12.71,87.6747
3917950,"3917950_2009",2009,33.39,97.74,103.32,23.78,73.27,53.46,2.26,8.94,2.06,36.39,76.72,68.85,148.76,58.7,36,20.1,42.21,5.8,2.5,3.79,0.12,2.08,1.97,3.3,6.36,12.43,14.98,20.63,18.62,17.5,10.31,5.63,-0.25,-1.04,2.06,3.37,5.29,11.23,14.89,19.86,19.39,16.83,9.15,27.52,44.21,25.58,24.07,15.56,8.61,6.45,4.89,5.68,8.35,9.16,37.6,49.94,40.3,26.36,20.53,12,8,5.79,4.39,580.18,181.96,234.45,150.51,13.26,317.98,243.46,68.11,6.41,898.16,586.59,648.29,823.64,189.23,23.19,80.88,65.21,19.95,204.91,127.84,58.89,18.18,394.14,207.41,248.12,317.07,113.56,15.69,7.35,33.77,56.75,91.88,4.39,31.41,56.08,205.44,169.64,144.97,117.95,939.4407,17.03,1393.46,795.33,3745.13,2949.8,4,0,0,0,0,2.21,0,0,0,0,3.04,0,17.4,1.46,3.57,21.08,17.88,20.12,3.3,1.7,7.47,44.5,76.2,10.63,8.34,2.17,15.47,4.53,9.74,75.3,114.81,9.26,8.42,9.51,7.1,5.93,4.34,2,2.63,2.81,5.58,10.12,10.5,2.36,78.2,2,10.57,47.54,51.04,648.34,556.14,64.03,64.72,40.42,262.92,158.95,164.27,73.68,10.78,1.86,43.279,0.33,-22.23,37.02,18.44,44.54,21.72,0,0,38.03,0,0,19.01,0,23.35,0,0.19,65.88,37.28,71.95,1.24,4.72,47.32,1.2,0.13,5.64,0,0,8.04,0,0,91.96,0,0,0,0,0,0,0,0,0,0,11.26,0,0,0,0,0,0,0,0,0,0,0,0,0,0,0,0,0,0,0,0,0,0,0,0,0,0,0,0,0,0,0,0,0,0,71.8,0,16.94,1.77,5.41,9.46,4.6,0.22,0.03,55.4,110.44,13.59,148.79,205.86,1.3,122.56,-3.91,7.02,12.71,87.6747
3917950,"3917950_2010",2010,137.12,71.39,75.21,127.53,49.02,30.08,5.8,4.02,13.56,55.78,47.71,48.62,33.39,97.74,103.32,23.78,73.27,53.46,2.26,8.94,2.06,3.12,3.11,4.19,4.67,7.5,13.61,20.08,18.14,15.19,9.04,3.74,-0.14,2.08,1.97,3.3,6.36,12.43,14.98,20.63,18.62,17.5,38.61,39.32,39.75,60.27,35.58,20.73,12.21,7.72,6.13,6.77,5.15,6.92,9.15,27.52,44.21,25.58,24.07,15.56,8.61,6.45,4.89,665.84,152.11,283.72,206.63,23.38,398.22,234.45,150.51,13.26,1064.06,679.1,816.35,900.29,279.16,18.84,117.68,116.58,26.06,166.04,80.88,65.21,19.95,445.2,299.11,344.37,360.04,102.25,12.64,10.42,25.78,53.41,97.87,7.35,33.77,56.75,200.12,159,136.02,109.6,939.4407,17.03,1393.46,795.33,3745.13,2949.8,4,0,0,0,0,2.21,0,0,0,0,3.04,0,17.4,1.46,3.57,21.08,17.88,20.12,3.3,1.7,7.47,44.5,76.2,10.63,8.34,2.17,15.47,4.53,9.74,75.3,114.81,9.26,8.42,9.51,7.1,5.93,4.34,2,2.63,2.81,5.58,10.12,10.5,2.36,78.2,2,10.57,47.54,51.04,648.34,556.14,64.03,64.72,40.42,262.92,158.95,164.27,73.68,10.78,1.86,43.279,0.33,-22.23,37.02,18.44,44.54,21.72,0,0,38.03,0,0,19.01,0,23.35,0,0.19,65.88,37.28,71.95,1.24,4.72,47.32,1.2,0.13,5.64,0,0,8.04,0,0,91.96,0,0,0,0,0,0,0,0,0,0,11.26,0,0,0,0,0,0,0,0,0,0,0,0,0,0,0,0,0,0,0,0,0,0,0,0,0,0,0,0,0,0,0,0,0,0,71.8,0,16.94,1.77,5.41,9.46,4.6,0.22,0.03,55.4,110.44,13.59,148.79,205.86,1.3,122.56,-3.91,7.02,12.71,87.6747
3917950,"3917950_2011",2011,24.87,70.67,206.87,48.56,40.09,45.98,11.12,4.31,1.78,100.58,69.44,166.01,137.12,71.39,75.21,127.53,49.02,30.08,5.8,4.02,13.56,1.84,0.97,2.08,4.06,7.23,12.8,18.06,19.96,18.34,10.67,3.25,2.23,3.12,3.11,4.19,4.67,7.5,13.61,20.08,18.14,15.19,34.09,38.88,83.77,53.7,36.12,26.44,17.19,11.97,8.73,11.69,12.06,56.27,38.61,39.32,39.75,60.27,35.58,20.73,12.21,7.72,6.13,790.28,336.03,302.41,134.63,17.21,513.73,283.72,206.63,23.38,1304.01,813.66,996.91,1074,390.91,80.02,156.74,116.26,37.89,260.32,117.68,116.58,26.06,651.23,416.97,507.49,508.59,101.49,16.15,4.89,24.09,56.36,89.61,10.42,25.78,53.41,191.1,154.9,127.27,111.91,939.4407,17.03,1393.46,795.33,3745.13,2949.8,4,0,0,0,0,2.21,0,0,0,0,3.04,0,17.4,1.46,3.57,21.08,17.88,20.12,3.3,1.7,7.47,44.5,76.2,10.63,8.34,2.17,15.47,4.53,9.74,75.3,114.81,9.26,8.42,9.51,7.1,5.93,4.34,2,2.63,2.81,5.58,10.12,10.5,2.36,78.2,2,10.57,47.54,51.04,648.34,556.14,64.03,64.72,40.42,262.92,158.95,164.27,73.68,10.78,1.86,43.279,0.33,-22.23,37.02,18.44,44.54,21.72,0,0,38.03,0,0,19.01,0,23.35,0,0.19,65.88,37.28,71.95,1.24,4.72,47.32,1.2,0.13,5.64,0,0,8.04,0,0,91.96,0,0,0,0,0,0,0,0,0,0,11.26,0,0,0,0,0,0,0,0,0,0,0,0,0,0,0,0,0,0,0,0,0,0,0,0,0,0,0,0,0,0,0,0,0,0,71.8,0,16.94,1.77,5.41,9.46,4.6,0.22,0.03,55.4,110.44,13.59,148.79,205.86,1.3,122.56,-3.91,7.02,12.71,87.6747
3917950,"3917950_2012",2012,98.58,56,144.37,96,17.62,38.57,6.4,0.72,0,38.86,40.59,20.7,24.87,70.67,206.87,48.56,40.09,45.98,11.12,4.31,1.78,1.55,1.99,2.06,6.64,11.05,13.47,19.41,21.44,18.64,9.85,2.96,1.65,1.84,0.97,2.08,4.06,7.23,12.8,18.06,19.96,18.34,11.63,14.81,43.43,53.7,30.41,20.37,12.27,7.93,5.69,7.66,4.35,2.57,34.09,38.88,83.77,53.7,36.12,26.44,17.19,11.97,8.73,558.41,100.15,298.95,152.19,7.12,454.25,302.41,134.63,17.21,1012.66,575.62,693.04,860.82,214.82,14.58,69.87,104.48,25.89,310.89,156.74,116.26,37.89,525.71,252.71,331.08,371.56,110.71,14.46,5.6,31.16,59.49,85.34,4.89,24.09,56.36,196.05,167.07,134.8,115.6,939.4407,17.03,1393.46,795.33,3745.13,2949.8,4,0,0,0,0,2.21,0,0,0,0,3.04,0,17.4,1.46,3.57,21.08,17.88,20.12,3.3,1.7,7.47,44.5,76.2,10.63,8.34,2.17,15.47,4.53,9.74,75.3,114.81,9.26,8.42,9.51,7.1,5.93,4.34,2,2.63,2.81,5.58,10.12,10.5,2.36,78.2,2,10.57,47.54,51.04,648.34,556.14,64.03,64.72,40.42,262.92,158.95,164.27,73.68,10.78,1.86,43.279,0.33,-22.23,37.02,18.44,44.54,21.72,0,0,38.03,0,0,19.01,0,23.35,0,0.19,65.88,37.28,71.95,1.24,4.72,47.32,1.2,0.13,5.64,0,0,8.04,0,0,91.96,0,0,0,0,0,0,0,0,0,0,11.26,0,0,0,0,0,0,0,0,0,0,0,0,0,0,0,0,0,0,0,0,0,0,0,0,0,0,0,0,0,0,0,0,0,0,71.8,0,16.94,1.77,5.41,9.46,4.6,0.22,0.03,55.4,110.44,13.59,148.79,205.86,1.3,122.56,-3.91,7.02,12.71,87.6747
3917950,"3917950_2013",2013,40.87,25.12,39.55,40.64,39.91,39.11,3.36,8.98,47.09,27.79,161.14,187.34,98.58,56,144.37,96,17.62,38.57,6.4,0.72,0,-0.09,2.07,5.46,7.75,11.49,16.16,22.44,19.09,15.15,11.36,5.25,-0.02,1.55,1.99,2.06,6.64,11.05,13.47,19.41,21.44,18.64,41.68,31.96,30.47,23.45,17.33,14.07,8.31,6.26,7.72,5.51,25.17,45.49,11.63,14.81,43.43,53.7,30.41,20.37,12.27,7.93,5.69,660.9,376.27,105.54,119.66,59.43,458.26,298.95,152.19,7.12,1119.16,668.02,813.09,959.85,257.42,76.17,104.11,54.85,22.29,200.24,69.87,104.48,25.89,457.66,283.31,361.9,327.29,116.11,16.59,7.44,35.4,56.68,96.25,5.6,31.16,59.49,212.36,175.6,147.27,121.71,939.4407,17.03,1393.46,795.33,3745.13,2949.8,4,0,0,0,0,2.21,0,0,0,0,3.04,0,17.4,1.46,3.57,21.08,17.88,20.12,3.3,1.7,7.47,44.5,76.2,10.63,8.34,2.17,15.47,4.53,9.74,75.3,114.81,9.26,8.42,9.51,7.1,5.93,4.34,2,2.63,2.81,5.58,10.12,10.5,2.36,78.2,2,10.57,47.54,51.04,648.34,556.14,64.03,64.72,40.42,262.92,158.95,164.27,73.68,10.78,1.86,43.279,0.33,-22.23,37.02,18.44,44.54,21.72,0,0,38.03,0,0,19.01,0,23.35,0,0.19,65.88,37.28,71.95,1.24,4.72,47.32,1.2,0.13,5.64,0,0,8.04,0,0,91.96,0,0,0,0,0,0,0,0,0,0,11.26,0,0,0,0,0,0,0,0,0,0,0,0,0,0,0,0,0,0,0,0,0,0,0,0,0,0,0,0,0,0,0,0,0,0,71.8,0,16.94,1.77,5.41,9.46,4.6,0.22,0.03,55.4,110.44,13.59,148.79,205.86,1.3,122.56,-3.91,7.02,12.71,87.6747
3917950,"3917950_2014",2014,22.41,135.8,123.86,35.86,20.18,8.86,13.58,9.09,49.23,14.24,23.79,15.54,40.87,25.12,39.55,40.64,39.91,39.11,3.36,8.98,47.09,4.1,3.38,5.75,8.16,12.33,15.92,22.9,20.49,17.37,9,5.68,0.37,-0.09,2.07,5.46,7.75,11.49,16.16,22.44,19.09,15.15,1.92,13.49,39.51,22.43,13.39,7.77,6.37,5.26,7.25,4.32,3.36,1.52,41.68,31.96,30.47,23.45,17.33,14.07,8.31,6.26,7.72,472.44,53.57,282.07,64.9,71.9,284.63,105.54,119.66,59.43,757.07,531.87,592.1,577.98,126.59,9.2,54.92,43.59,18.88,181.25,104.11,54.85,22.29,307.84,148.88,181.44,230.7,125.45,15.05,13.23,36.41,60.76,99.52,7.44,35.4,56.68,224.97,182.13,160.85,132.89,939.4407,17.03,1393.46,795.33,3745.13,2949.8,4,0,0,0,0,2.21,0,0,0,0,3.04,0,17.4,1.46,3.57,21.08,17.88,20.12,3.3,1.7,7.47,44.5,76.2,10.63,8.34,2.17,15.47,4.53,9.74,75.3,114.81,9.26,8.42,9.51,7.1,5.93,4.34,2,2.63,2.81,5.58,10.12,10.5,2.36,78.2,2,10.57,47.54,51.04,648.34,556.14,64.03,64.72,40.42,262.92,158.95,164.27,73.68,10.78,1.86,43.279,0.33,-22.23,37.02,18.44,44.54,21.72,0,0,38.03,0,0,19.01,0,23.35,0,0.19,65.88,37.28,71.95,1.24,4.72,47.32,1.2,0.13,5.64,0,0,8.04,0,0,91.96,0,0,0,0,0,0,0,0,0,0,11.26,0,0,0,0,0,0,0,0,0,0,0,0,0,0,0,0,0,0,0,0,0,0,0,0,0,0,0,0,0,0,0,0,0,0,71.8,0,16.94,1.77,5.41,9.46,4.6,0.22,0.03,55.4,110.44,13.59,148.79,205.86,1.3,122.56,-3.91,7.02,12.71,87.6747
3917950,"3917950_2015",2015,22.78,176.5,35.67,27,63.56,9.72,26.87,3.01,7.08,80.9,68.11,201,22.41,135.8,123.86,35.86,20.18,8.86,13.58,9.09,49.23,4.8,5.94,7.75,7.16,11.77,19.36,20.62,20.25,16.17,11.54,5.31,3.17,4.1,3.38,5.75,8.16,12.33,15.92,22.9,20.49,17.37,37.6,95.38,49.04,26.73,20.46,10.7,8.42,5.42,4.63,8.47,10.15,57.13,1.92,13.49,39.51,22.43,13.39,7.77,6.37,5.26,7.25,722.2,350.01,234.95,100.28,36.96,418.87,282.07,64.9,71.9,1141.07,794.1,787.1,1004.27,334.13,75.75,182.02,57.89,18.47,117.39,54.92,43.59,18.88,451.52,353.01,377.72,389.05,133.84,20.02,18.49,38.29,57.04,110.4,13.23,36.41,60.76,244.24,194.6,170.25,147.07,939.4407,17.03,1393.46,795.33,3745.13,2949.8,4,0,0,0,0,2.21,0,0,0,0,3.04,0,17.4,1.46,3.57,21.08,17.88,20.12,3.3,1.7,7.47,44.5,76.2,10.63,8.34,2.17,15.47,4.53,9.74,75.3,114.81,9.26,8.42,9.51,7.1,5.93,4.34,2,2.63,2.81,5.58,10.12,10.5,2.36,78.2,2,10.57,47.54,51.04,648.34,556.14,64.03,64.72,40.42,262.92,158.95,164.27,73.68,10.78,1.86,43.279,0.33,-22.23,37.02,18.44,44.54,21.72,0,0,38.03,0,0,19.01,0,23.35,0,0.19,65.88,37.28,71.95,1.24,4.72,47.32,1.2,0.13,5.64,0,0,8.04,0,0,91.96,0,0,0,0,0,0,0,0,0,0,11.26,0,0,0,0,0,0,0,0,0,0,0,0,0,0,0,0,0,0,0,0,0,0,0,0,0,0,0,0,0,0,0,0,0,0,71.8,0,16.94,1.77,5.41,9.46,4.6,0.22,0.03,55.4,110.44,13.59,148.79,205.86,1.3,122.56,-3.91,7.02,12.71,87.6747
